submission_id,ANorm_drug,ANorm_food,ANorm_matrix,ANorm_superhero,BNorm_drug,BNorm_food,BNorm_matrix,BNorm_superhero,age,comments,compare_drug,compare_food,compare_matrix,compare_superhero,education,experiment_duration,experiment_end_time,experiment_start_time,feedbackTime,gender,languages,options,prolific_pid,prolific_session_id,prolific_study_id,question,response,responseTime
1958,NA,NA,NA,NA,NA,NA,NA,NA,21,,,,,,Graduated High-school,202933,1759915156303,1759914953370,-1,female,english,Yes|No|I am not sure,6668c0560adc0e65f62c7c5f,68e62bc07761fd500c8a1ee5,68e625d20d644f9679c7d1c3,Is it possible that Bob draws a violin card from his deck?,No,5993
1958,NA,NA,NA,NA,NA,NA,NA,NA,21,,,,,,Graduated High-school,202933,1759915156303,1759914953370,-1,female,english,Alice needs exactly 2 points to win.|Alice needs at least 1 point to win.,6668c0560adc0e65f62c7c5f,68e62bc07761fd500c8a1ee5,68e625d20d644f9679c7d1c3,"In the previous question, what was the winning rule for Alice?",Alice needs at least 1 point to win.,4652
1958,NA,NA,NA,NA,NA,NA,NA,NA,21,,,,,,Graduated High-school,202933,1759915156303,1759914953370,-1,female,english,Yes|No|I am not sure,6668c0560adc0e65f62c7c5f,68e62bc07761fd500c8a1ee5,68e625d20d644f9679c7d1c3,Does Alice know how many guitar cards Bob has in his deck?,No,2673
1958,NA,NA,NA,NA,NA,NA,NA,NA,21,,,,,,Graduated High-school,202933,1759915156303,1759914953370,NA,female,english,I drew the violin card.|Bob drew the guitar card.,6668c0560adc0e65f62c7c5f,68e62bc07761fd500c8a1ee5,68e625d20d644f9679c7d1c3,I won because ,I drew the violin card.,17278
1958,NA,NA,NA,NA,NA,NA,NA,NA,21,,,,,,Graduated High-school,202933,1759915156303,1759914953370,NA,female,english,I drew the office worker card.|Bob drew the beer card.,6668c0560adc0e65f62c7c5f,68e62bc07761fd500c8a1ee5,68e625d20d644f9679c7d1c3,I lost because ,Bob drew the beer card.,9091
1958,NA,NA,NA,NA,NA,NA,NA,NA,21,,,,,,Graduated High-school,202933,1759915156303,1759914953370,NA,female,english,I drew the math card.|Bob drew the biology card.,6668c0560adc0e65f62c7c5f,68e62bc07761fd500c8a1ee5,68e625d20d644f9679c7d1c3,I won because ,I drew the math card.,6110
1958,NA,NA,NA,NA,NA,NA,NA,NA,21,,,,,,Graduated High-school,202933,1759915156303,1759914953370,NA,female,english,I drew the party card.|Bob drew the game card.,6668c0560adc0e65f62c7c5f,68e62bc07761fd500c8a1ee5,68e625d20d644f9679c7d1c3,I lost because ,Bob drew the game card.,4001
1958,more than 5,NA,NA,NA,less than 5,NA,NA,NA,21,,,,,,Graduated High-school,202933,1759915156303,1759914953370,NA,female,english,NA,6668c0560adc0e65f62c7c5f,68e62bc07761fd500c8a1ee5,68e625d20d644f9679c7d1c3,NA,NA,17087
1958,NA,NA,NA,more than 5,NA,NA,NA,less than 5,21,,,,,,Graduated High-school,202933,1759915156303,1759914953370,NA,female,english,NA,6668c0560adc0e65f62c7c5f,68e62bc07761fd500c8a1ee5,68e625d20d644f9679c7d1c3,NA,NA,8635
1958,NA,less than 5,NA,NA,NA,more than 5,NA,NA,21,,,,,,Graduated High-school,202933,1759915156303,1759914953370,NA,female,english,NA,6668c0560adc0e65f62c7c5f,68e62bc07761fd500c8a1ee5,68e625d20d644f9679c7d1c3,NA,NA,8508
1958,NA,NA,less than 5,NA,NA,NA,more than 5,NA,21,,,,,,Graduated High-school,202933,1759915156303,1759914953370,NA,female,english,NA,6668c0560adc0e65f62c7c5f,68e62bc07761fd500c8a1ee5,68e625d20d644f9679c7d1c3,NA,NA,10329
1959,NA,NA,NA,NA,NA,NA,NA,NA,34,N/A,,NA,,NA,Graduated College,253326,1759915214430,1759914961104,-1,female,English,Yes|No|I am not sure,627a76b96bea55210aecbba9,68e62bc66a4f7585113bad0f,68e625d20d644f9679c7d1c3,Is it possible that Bob draws a violin card from his deck?,No,6206
1959,NA,NA,NA,NA,NA,NA,NA,NA,34,N/A,,NA,,NA,Graduated College,253326,1759915214430,1759914961104,-1,female,English,Alice needs exactly 2 points to win.|Alice needs at least 1 point to win.,627a76b96bea55210aecbba9,68e62bc66a4f7585113bad0f,68e625d20d644f9679c7d1c3,"In the previous question, what was the winning rule for Alice?",Alice needs at least 1 point to win.,3973
1959,NA,NA,NA,NA,NA,NA,NA,NA,34,N/A,,NA,,NA,Graduated College,253326,1759915214430,1759914961104,-1,female,English,Yes|No|I am not sure,627a76b96bea55210aecbba9,68e62bc66a4f7585113bad0f,68e625d20d644f9679c7d1c3,Does Alice know how many guitar cards Bob has in his deck?,Yes,2871
1959,NA,NA,NA,NA,NA,NA,NA,NA,34,N/A,,NA,,NA,Graduated College,253326,1759915214430,1759914961104,NA,female,English,I drew the math card.|Bob drew the biology card.,627a76b96bea55210aecbba9,68e62bc66a4f7585113bad0f,68e625d20d644f9679c7d1c3,I won because ,I drew the math card.,26661
1959,NA,NA,NA,NA,NA,NA,NA,NA,34,N/A,,NA,,NA,Graduated College,253326,1759915214430,1759914961104,NA,female,English,I drew the violin card.|Bob drew the guitar card.,627a76b96bea55210aecbba9,68e62bc66a4f7585113bad0f,68e625d20d644f9679c7d1c3,I won because ,I drew the violin card.,10963
1959,NA,NA,NA,NA,NA,NA,NA,NA,34,N/A,,NA,,NA,Graduated College,253326,1759915214430,1759914961104,NA,female,English,I drew the party card.|Bob drew the game card.,627a76b96bea55210aecbba9,68e62bc66a4f7585113bad0f,68e625d20d644f9679c7d1c3,I lost because ,Bob drew the game card.,16153
1959,NA,NA,NA,NA,NA,NA,NA,NA,34,N/A,,NA,,NA,Graduated College,253326,1759915214430,1759914961104,NA,female,English,I drew the office worker card.|Bob drew the beer card.,627a76b96bea55210aecbba9,68e62bc66a4f7585113bad0f,68e625d20d644f9679c7d1c3,I lost because ,I drew the office worker card.,10701
1959,NA,NA,more than 5,NA,NA,NA,less than 5,NA,34,N/A,,NA,,NA,Graduated College,253326,1759915214430,1759914961104,NA,female,English,NA,627a76b96bea55210aecbba9,68e62bc66a4f7585113bad0f,68e625d20d644f9679c7d1c3,NA,NA,22943
1959,NA,less than 5,NA,NA,NA,less than 5,NA,NA,34,N/A,,fewer,,NA,Graduated College,253326,1759915214430,1759914961104,NA,female,English,NA,627a76b96bea55210aecbba9,68e62bc66a4f7585113bad0f,68e625d20d644f9679c7d1c3,NA,NA,27218
1959,more than 5,NA,NA,NA,less than 5,NA,NA,NA,34,N/A,,NA,,NA,Graduated College,253326,1759915214430,1759914961104,NA,female,English,NA,627a76b96bea55210aecbba9,68e62bc66a4f7585113bad0f,68e625d20d644f9679c7d1c3,NA,NA,10965
1959,NA,NA,NA,less than 5,NA,NA,NA,less than 5,34,N/A,,NA,,more,Graduated College,253326,1759915214430,1759914961104,NA,female,English,NA,627a76b96bea55210aecbba9,68e62bc66a4f7585113bad0f,68e625d20d644f9679c7d1c3,NA,NA,19965
1960,NA,NA,NA,NA,NA,NA,NA,NA,31,,,,,NA,Graduated College,272446,1759915242292,1759914969846,-1,male,english,Yes|No|I am not sure,5e92178e8ee4fe54b65b7c39,68e62bbe78fc86184588905f,68e625d20d644f9679c7d1c3,Is it possible that Bob draws a violin card from his deck?,No,6256
1960,NA,NA,NA,NA,NA,NA,NA,NA,31,,,,,NA,Graduated College,272446,1759915242292,1759914969846,-1,male,english,Alice needs exactly 2 points to win.|Alice needs at least 1 point to win.,5e92178e8ee4fe54b65b7c39,68e62bbe78fc86184588905f,68e625d20d644f9679c7d1c3,"In the previous question, what was the winning rule for Alice?",Alice needs at least 1 point to win.,3130
1960,NA,NA,NA,NA,NA,NA,NA,NA,31,,,,,NA,Graduated College,272446,1759915242292,1759914969846,-1,male,english,Yes|No|I am not sure,5e92178e8ee4fe54b65b7c39,68e62bbe78fc86184588905f,68e625d20d644f9679c7d1c3,Does Alice know how many guitar cards Bob has in his deck?,No,2946
1960,NA,NA,NA,NA,NA,NA,NA,NA,31,,,,,NA,Graduated College,272446,1759915242292,1759914969846,NA,male,english,I drew the violin card.|Bob drew the guitar card.,5e92178e8ee4fe54b65b7c39,68e62bbe78fc86184588905f,68e625d20d644f9679c7d1c3,I won because ,I drew the violin card.,14056
1960,NA,NA,NA,NA,NA,NA,NA,NA,31,,,,,NA,Graduated College,272446,1759915242292,1759914969846,NA,male,english,I drew the math card.|Bob drew the biology card.,5e92178e8ee4fe54b65b7c39,68e62bbe78fc86184588905f,68e625d20d644f9679c7d1c3,I won because ,I drew the math card.,11874
1960,NA,NA,NA,NA,NA,NA,NA,NA,31,,,,,NA,Graduated College,272446,1759915242292,1759914969846,NA,male,english,I drew the office worker card.|Bob drew the beer card.,5e92178e8ee4fe54b65b7c39,68e62bbe78fc86184588905f,68e625d20d644f9679c7d1c3,I lost because ,I drew the office worker card.,25112
1960,NA,NA,NA,NA,NA,NA,NA,NA,31,,,,,NA,Graduated College,272446,1759915242292,1759914969846,NA,male,english,I drew the party card.|Bob drew the game card.,5e92178e8ee4fe54b65b7c39,68e62bbe78fc86184588905f,68e625d20d644f9679c7d1c3,I lost because ,Bob drew the game card.,13097
1960,more than 5,NA,NA,NA,less than 5,NA,NA,NA,31,,,,,NA,Graduated College,272446,1759915242292,1759914969846,NA,male,english,NA,5e92178e8ee4fe54b65b7c39,68e62bbe78fc86184588905f,68e625d20d644f9679c7d1c3,NA,NA,39734
1960,NA,NA,NA,less than 5,NA,NA,NA,less than 5,31,,,,,fewer,Graduated College,272446,1759915242292,1759914969846,NA,male,english,NA,5e92178e8ee4fe54b65b7c39,68e62bbe78fc86184588905f,68e625d20d644f9679c7d1c3,NA,NA,38757
1960,NA,NA,more than 5,NA,NA,NA,less than 5,NA,31,,,,,NA,Graduated College,272446,1759915242292,1759914969846,NA,male,english,NA,5e92178e8ee4fe54b65b7c39,68e62bbe78fc86184588905f,68e625d20d644f9679c7d1c3,NA,NA,24393
1960,NA,more than 5,NA,NA,NA,less than 5,NA,NA,31,,,,,NA,Graduated College,272446,1759915242292,1759914969846,NA,male,english,NA,5e92178e8ee4fe54b65b7c39,68e62bbe78fc86184588905f,68e625d20d644f9679c7d1c3,NA,NA,16617
1961,NA,NA,NA,NA,NA,NA,NA,NA,49,none,NA,NA,NA,NA,Graduated College,351372,1759915302211,1759914950839,-1,female,english,Yes|No|I am not sure,66839058a88759d4987e3e1c,68e62bb97e44e6061f7f7996,68e625d20d644f9679c7d1c3,Is it possible that Bob draws a violin card from his deck?,No,6029
1961,NA,NA,NA,NA,NA,NA,NA,NA,49,none,NA,NA,NA,NA,Graduated College,351372,1759915302211,1759914950839,-1,female,english,Alice needs exactly 2 points to win.|Alice needs at least 1 point to win.,66839058a88759d4987e3e1c,68e62bb97e44e6061f7f7996,68e625d20d644f9679c7d1c3,"In the previous question, what was the winning rule for Alice?",Alice needs at least 1 point to win.,2743
1961,NA,NA,NA,NA,NA,NA,NA,NA,49,none,NA,NA,NA,NA,Graduated College,351372,1759915302211,1759914950839,-1,female,english,Yes|No|I am not sure,66839058a88759d4987e3e1c,68e62bb97e44e6061f7f7996,68e625d20d644f9679c7d1c3,Does Alice know how many guitar cards Bob has in his deck?,Yes,2906
1961,NA,NA,NA,NA,NA,NA,NA,NA,49,none,NA,NA,NA,NA,Graduated College,351372,1759915302211,1759914950839,NA,female,english,I drew the violin card.|Bob drew the guitar card.,66839058a88759d4987e3e1c,68e62bb97e44e6061f7f7996,68e625d20d644f9679c7d1c3,I won because ,I drew the violin card.,25213
1961,NA,NA,NA,NA,NA,NA,NA,NA,49,none,NA,NA,NA,NA,Graduated College,351372,1759915302211,1759914950839,NA,female,english,I drew the math card.|Bob drew the biology card.,66839058a88759d4987e3e1c,68e62bb97e44e6061f7f7996,68e625d20d644f9679c7d1c3,I won because ,I drew the math card.,13999
1961,NA,NA,NA,NA,NA,NA,NA,NA,49,none,NA,NA,NA,NA,Graduated College,351372,1759915302211,1759914950839,NA,female,english,I drew the party card.|Bob drew the game card.,66839058a88759d4987e3e1c,68e62bb97e44e6061f7f7996,68e625d20d644f9679c7d1c3,I lost because ,Bob drew the game card.,15569
1961,NA,NA,NA,NA,NA,NA,NA,NA,49,none,NA,NA,NA,NA,Graduated College,351372,1759915302211,1759914950839,NA,female,english,I drew the office worker card.|Bob drew the beer card.,66839058a88759d4987e3e1c,68e62bb97e44e6061f7f7996,68e625d20d644f9679c7d1c3,I lost because ,Bob drew the beer card.,6121
1961,NA,more than 5,NA,NA,NA,more than 5,NA,NA,49,none,NA,same number,NA,NA,Graduated College,351372,1759915302211,1759914950839,NA,female,english,NA,66839058a88759d4987e3e1c,68e62bb97e44e6061f7f7996,68e625d20d644f9679c7d1c3,NA,NA,33794
1961,more than 5,NA,NA,NA,more than 5,NA,NA,NA,49,none,same number,NA,NA,NA,Graduated College,351372,1759915302211,1759914950839,NA,female,english,NA,66839058a88759d4987e3e1c,68e62bb97e44e6061f7f7996,68e625d20d644f9679c7d1c3,NA,NA,13358
1961,NA,NA,NA,more than 5,NA,NA,NA,more than 5,49,none,NA,NA,NA,same number,Graduated College,351372,1759915302211,1759914950839,NA,female,english,NA,66839058a88759d4987e3e1c,68e62bb97e44e6061f7f7996,68e625d20d644f9679c7d1c3,NA,NA,27733
1961,NA,NA,more than 5,NA,NA,NA,more than 5,NA,49,none,NA,NA,same number,NA,Graduated College,351372,1759915302211,1759914950839,NA,female,english,NA,66839058a88759d4987e3e1c,68e62bb97e44e6061f7f7996,68e625d20d644f9679c7d1c3,NA,NA,17894
1962,NA,NA,NA,NA,NA,NA,NA,NA,62,,,NA,NA,,Graduated College,344361,1759915317703,1759914973342,-1,female,English,Yes|No|I am not sure,6566255bbaa15c2459e2c0e5,68e62bd4c1e942ebe579b523,68e625d20d644f9679c7d1c3,Is it possible that Bob draws a violin card from his deck?,No,13984
1962,NA,NA,NA,NA,NA,NA,NA,NA,62,,,NA,NA,,Graduated College,344361,1759915317703,1759914973342,-1,female,English,Alice needs exactly 2 points to win.|Alice needs at least 1 point to win.,6566255bbaa15c2459e2c0e5,68e62bd4c1e942ebe579b523,68e625d20d644f9679c7d1c3,"In the previous question, what was the winning rule for Alice?",Alice needs at least 1 point to win.,7692
1962,NA,NA,NA,NA,NA,NA,NA,NA,62,,,NA,NA,,Graduated College,344361,1759915317703,1759914973342,-1,female,English,Yes|No|I am not sure,6566255bbaa15c2459e2c0e5,68e62bd4c1e942ebe579b523,68e625d20d644f9679c7d1c3,Does Alice know how many guitar cards Bob has in his deck?,No,3435
1962,NA,NA,NA,NA,NA,NA,NA,NA,62,,,NA,NA,,Graduated College,344361,1759915317703,1759914973342,NA,female,English,I drew the party card.|Bob drew the game card.,6566255bbaa15c2459e2c0e5,68e62bd4c1e942ebe579b523,68e625d20d644f9679c7d1c3,I lost because ,Bob drew the game card.,30915
1962,NA,NA,NA,NA,NA,NA,NA,NA,62,,,NA,NA,,Graduated College,344361,1759915317703,1759914973342,NA,female,English,I drew the violin card.|Bob drew the guitar card.,6566255bbaa15c2459e2c0e5,68e62bd4c1e942ebe579b523,68e625d20d644f9679c7d1c3,I won because ,Bob drew the guitar card.,16644
1962,NA,NA,NA,NA,NA,NA,NA,NA,62,,,NA,NA,,Graduated College,344361,1759915317703,1759914973342,NA,female,English,I drew the math card.|Bob drew the biology card.,6566255bbaa15c2459e2c0e5,68e62bd4c1e942ebe579b523,68e625d20d644f9679c7d1c3,I won because ,Bob drew the biology card.,16970
1962,NA,NA,NA,NA,NA,NA,NA,NA,62,,,NA,NA,,Graduated College,344361,1759915317703,1759914973342,NA,female,English,I drew the office worker card.|Bob drew the beer card.,6566255bbaa15c2459e2c0e5,68e62bd4c1e942ebe579b523,68e625d20d644f9679c7d1c3,I lost because ,Bob drew the beer card.,14797
1962,NA,NA,less than 5,NA,NA,NA,less than 5,NA,62,,,NA,same number,,Graduated College,344361,1759915317703,1759914973342,NA,female,English,NA,6566255bbaa15c2459e2c0e5,68e62bd4c1e942ebe579b523,68e625d20d644f9679c7d1c3,NA,NA,35712
1962,more than 5,NA,NA,NA,less than 5,NA,NA,NA,62,,,NA,NA,,Graduated College,344361,1759915317703,1759914973342,NA,female,English,NA,6566255bbaa15c2459e2c0e5,68e62bd4c1e942ebe579b523,68e625d20d644f9679c7d1c3,NA,NA,38855
1962,NA,NA,NA,less than 5,NA,NA,NA,5,62,,,NA,NA,,Graduated College,344361,1759915317703,1759914973342,NA,female,English,NA,6566255bbaa15c2459e2c0e5,68e62bd4c1e942ebe579b523,68e625d20d644f9679c7d1c3,NA,NA,24288
1962,NA,less than 5,NA,NA,NA,less than 5,NA,NA,62,,,same number,NA,,Graduated College,344361,1759915317703,1759914973342,NA,female,English,NA,6566255bbaa15c2459e2c0e5,68e62bd4c1e942ebe579b523,68e625d20d644f9679c7d1c3,NA,NA,15943
1963,NA,NA,NA,NA,NA,NA,NA,NA,46,,NA,NA,NA,NA,Graduated High-school,370765,1759915330638,1759914959873,-1,female,ENGLISH,Yes|No|I am not sure,67293edc2ff48428040a39a5,68e62bc6b3272af89208265b,68e625d20d644f9679c7d1c3,Is it possible that Bob draws a violin card from his deck?,No,6349
1963,NA,NA,NA,NA,NA,NA,NA,NA,46,,NA,NA,NA,NA,Graduated High-school,370765,1759915330638,1759914959873,-1,female,ENGLISH,Alice needs exactly 2 points to win.|Alice needs at least 1 point to win.,67293edc2ff48428040a39a5,68e62bc6b3272af89208265b,68e625d20d644f9679c7d1c3,"In the previous question, what was the winning rule for Alice?",Alice needs exactly 2 points to win.,5662
1963,NA,NA,NA,NA,NA,NA,NA,NA,46,,NA,NA,NA,NA,Graduated High-school,370765,1759915330638,1759914959873,-1,female,ENGLISH,Yes|No|I am not sure,67293edc2ff48428040a39a5,68e62bc6b3272af89208265b,68e625d20d644f9679c7d1c3,Does Alice know how many guitar cards Bob has in his deck?,I am not sure,3225
1963,NA,NA,NA,NA,NA,NA,NA,NA,46,,NA,NA,NA,NA,Graduated High-school,370765,1759915330638,1759914959873,NA,female,ENGLISH,I drew the office worker card.|Bob drew the beer card.,67293edc2ff48428040a39a5,68e62bc6b3272af89208265b,68e625d20d644f9679c7d1c3,I lost because ,Bob drew the beer card.,28342
1963,NA,NA,NA,NA,NA,NA,NA,NA,46,,NA,NA,NA,NA,Graduated High-school,370765,1759915330638,1759914959873,NA,female,ENGLISH,I drew the party card.|Bob drew the game card.,67293edc2ff48428040a39a5,68e62bc6b3272af89208265b,68e625d20d644f9679c7d1c3,I lost because ,Bob drew the game card.,18999
1963,NA,NA,NA,NA,NA,NA,NA,NA,46,,NA,NA,NA,NA,Graduated High-school,370765,1759915330638,1759914959873,NA,female,ENGLISH,I drew the violin card.|Bob drew the guitar card.,67293edc2ff48428040a39a5,68e62bc6b3272af89208265b,68e625d20d644f9679c7d1c3,I won because ,I drew the violin card.,11896
1963,NA,NA,NA,NA,NA,NA,NA,NA,46,,NA,NA,NA,NA,Graduated High-school,370765,1759915330638,1759914959873,NA,female,ENGLISH,I drew the math card.|Bob drew the biology card.,67293edc2ff48428040a39a5,68e62bc6b3272af89208265b,68e625d20d644f9679c7d1c3,I won because ,I drew the math card.,16965
1963,NA,less than 5,NA,NA,NA,less than 5,NA,NA,46,,NA,same number,NA,NA,Graduated High-school,370765,1759915330638,1759914959873,NA,female,ENGLISH,NA,67293edc2ff48428040a39a5,68e62bc6b3272af89208265b,68e625d20d644f9679c7d1c3,NA,NA,40364
1963,NA,NA,NA,more than 5,NA,NA,NA,more than 5,46,,NA,NA,NA,same number,Graduated High-school,370765,1759915330638,1759914959873,NA,female,ENGLISH,NA,67293edc2ff48428040a39a5,68e62bc6b3272af89208265b,68e625d20d644f9679c7d1c3,NA,NA,36069
1963,NA,NA,more than 5,NA,NA,NA,more than 5,NA,46,,NA,NA,same number,NA,Graduated High-school,370765,1759915330638,1759914959873,NA,female,ENGLISH,NA,67293edc2ff48428040a39a5,68e62bc6b3272af89208265b,68e625d20d644f9679c7d1c3,NA,NA,24265
1963,less than 5,NA,NA,NA,less than 5,NA,NA,NA,46,,more,NA,NA,NA,Graduated High-school,370765,1759915330638,1759914959873,NA,female,ENGLISH,NA,67293edc2ff48428040a39a5,68e62bc6b3272af89208265b,68e625d20d644f9679c7d1c3,NA,NA,35473
1964,NA,NA,NA,NA,NA,NA,NA,NA,44,,,,,,Graduated High-school,351803,1759915343801,1759914991998,-1,male,English,Yes|No|I am not sure,6595653c5c92016f134c8b25,68e62bdf8c1b65b1da22f8c6,68e625d20d644f9679c7d1c3,Is it possible that Bob draws a violin card from his deck?,No,5218
1964,NA,NA,NA,NA,NA,NA,NA,NA,44,,,,,,Graduated High-school,351803,1759915343801,1759914991998,-1,male,English,Alice needs exactly 2 points to win.|Alice needs at least 1 point to win.,6595653c5c92016f134c8b25,68e62bdf8c1b65b1da22f8c6,68e625d20d644f9679c7d1c3,"In the previous question, what was the winning rule for Alice?",Alice needs at least 1 point to win.,4156
1964,NA,NA,NA,NA,NA,NA,NA,NA,44,,,,,,Graduated High-school,351803,1759915343801,1759914991998,-1,male,English,Yes|No|I am not sure,6595653c5c92016f134c8b25,68e62bdf8c1b65b1da22f8c6,68e625d20d644f9679c7d1c3,Does Alice know how many guitar cards Bob has in his deck?,Yes,6765
1964,NA,NA,NA,NA,NA,NA,NA,NA,44,,,,,,Graduated High-school,351803,1759915343801,1759914991998,NA,male,English,I drew the math card.|Bob drew the biology card.,6595653c5c92016f134c8b25,68e62bdf8c1b65b1da22f8c6,68e625d20d644f9679c7d1c3,I won because ,I drew the math card.,19486
1964,NA,NA,NA,NA,NA,NA,NA,NA,44,,,,,,Graduated High-school,351803,1759915343801,1759914991998,NA,male,English,I drew the party card.|Bob drew the game card.,6595653c5c92016f134c8b25,68e62bdf8c1b65b1da22f8c6,68e625d20d644f9679c7d1c3,I lost because ,I drew the party card.,19885
1964,NA,NA,NA,NA,NA,NA,NA,NA,44,,,,,,Graduated High-school,351803,1759915343801,1759914991998,NA,male,English,I drew the office worker card.|Bob drew the beer card.,6595653c5c92016f134c8b25,68e62bdf8c1b65b1da22f8c6,68e625d20d644f9679c7d1c3,I lost because ,I drew the office worker card.,13045
1964,NA,NA,NA,NA,NA,NA,NA,NA,44,,,,,,Graduated High-school,351803,1759915343801,1759914991998,NA,male,English,I drew the violin card.|Bob drew the guitar card.,6595653c5c92016f134c8b25,68e62bdf8c1b65b1da22f8c6,68e625d20d644f9679c7d1c3,I won because ,I drew the violin card.,6422
1964,more than 5,NA,NA,NA,less than 5,NA,NA,NA,44,,,,,,Graduated High-school,351803,1759915343801,1759914991998,NA,male,English,NA,6595653c5c92016f134c8b25,68e62bdf8c1b65b1da22f8c6,68e625d20d644f9679c7d1c3,NA,NA,37968
1964,NA,NA,NA,more than 5,NA,NA,NA,less than 5,44,,,,,,Graduated High-school,351803,1759915343801,1759914991998,NA,male,English,NA,6595653c5c92016f134c8b25,68e62bdf8c1b65b1da22f8c6,68e625d20d644f9679c7d1c3,NA,NA,27344
1964,NA,NA,less than 5,NA,NA,NA,more than 5,NA,44,,,,,,Graduated High-school,351803,1759915343801,1759914991998,NA,male,English,NA,6595653c5c92016f134c8b25,68e62bdf8c1b65b1da22f8c6,68e625d20d644f9679c7d1c3,NA,NA,11288
1964,NA,less than 5,NA,NA,NA,more than 5,NA,NA,44,,,,,,Graduated High-school,351803,1759915343801,1759914991998,NA,male,English,NA,6595653c5c92016f134c8b25,68e62bdf8c1b65b1da22f8c6,68e625d20d644f9679c7d1c3,NA,NA,6320
1965,NA,NA,NA,NA,NA,NA,NA,NA,64,,,,,,Graduated High-school,385073,1759915346570,1759914961497,-1,female,English,Yes|No|I am not sure,59b19a277f6c84000151c001,68e62bc16ad7c5380a203116,68e625d20d644f9679c7d1c3,Is it possible that Bob draws a violin card from his deck?,No,7860
1965,NA,NA,NA,NA,NA,NA,NA,NA,64,,,,,,Graduated High-school,385073,1759915346570,1759914961497,-1,female,English,Alice needs exactly 2 points to win.|Alice needs at least 1 point to win.,59b19a277f6c84000151c001,68e62bc16ad7c5380a203116,68e625d20d644f9679c7d1c3,"In the previous question, what was the winning rule for Alice?",Alice needs at least 1 point to win.,2656
1965,NA,NA,NA,NA,NA,NA,NA,NA,64,,,,,,Graduated High-school,385073,1759915346570,1759914961497,-1,female,English,Yes|No|I am not sure,59b19a277f6c84000151c001,68e62bc16ad7c5380a203116,68e625d20d644f9679c7d1c3,Does Alice know how many guitar cards Bob has in his deck?,Yes,8379
1965,NA,NA,NA,NA,NA,NA,NA,NA,64,,,,,,Graduated High-school,385073,1759915346570,1759914961497,NA,female,English,I drew the party card.|Bob drew the game card.,59b19a277f6c84000151c001,68e62bc16ad7c5380a203116,68e625d20d644f9679c7d1c3,I lost because ,I drew the party card.,31467
1965,NA,NA,NA,NA,NA,NA,NA,NA,64,,,,,,Graduated High-school,385073,1759915346570,1759914961497,NA,female,English,I drew the violin card.|Bob drew the guitar card.,59b19a277f6c84000151c001,68e62bc16ad7c5380a203116,68e625d20d644f9679c7d1c3,I won because ,I drew the violin card.,12997
1965,NA,NA,NA,NA,NA,NA,NA,NA,64,,,,,,Graduated High-school,385073,1759915346570,1759914961497,NA,female,English,I drew the office worker card.|Bob drew the beer card.,59b19a277f6c84000151c001,68e62bc16ad7c5380a203116,68e625d20d644f9679c7d1c3,I lost because ,I drew the office worker card.,6297
1965,NA,NA,NA,NA,NA,NA,NA,NA,64,,,,,,Graduated High-school,385073,1759915346570,1759914961497,NA,female,English,I drew the math card.|Bob drew the biology card.,59b19a277f6c84000151c001,68e62bc16ad7c5380a203116,68e625d20d644f9679c7d1c3,I won because ,I drew the math card.,7123
1965,NA,NA,NA,more than 5,NA,NA,NA,5,64,,,,,,Graduated High-school,385073,1759915346570,1759914961497,NA,female,English,NA,59b19a277f6c84000151c001,68e62bc16ad7c5380a203116,68e625d20d644f9679c7d1c3,NA,NA,36287
1965,NA,NA,more than 5,NA,NA,NA,less than 5,NA,64,,,,,,Graduated High-school,385073,1759915346570,1759914961497,NA,female,English,NA,59b19a277f6c84000151c001,68e62bc16ad7c5380a203116,68e625d20d644f9679c7d1c3,NA,NA,15956
1965,NA,less than 5,NA,NA,NA,more than 5,NA,NA,64,,,,,,Graduated High-school,385073,1759915346570,1759914961497,NA,female,English,NA,59b19a277f6c84000151c001,68e62bc16ad7c5380a203116,68e625d20d644f9679c7d1c3,NA,NA,10971
1965,more than 5,NA,NA,NA,less than 5,NA,NA,NA,64,,,,,,Graduated High-school,385073,1759915346570,1759914961497,NA,female,English,NA,59b19a277f6c84000151c001,68e62bc16ad7c5380a203116,68e625d20d644f9679c7d1c3,NA,NA,10476
1976,NA,NA,NA,NA,NA,NA,NA,NA,68,,,NA,,,Higher degree,496667,1759915779654,1759915282987,-1,female,English,Yes|No|I am not sure,57dc590ddcda780001a0e157,68e62be16b1b517119a9bc49,68e625d20d644f9679c7d1c3,Is it possible that Bob draws a violin card from his deck?,No,10338
1976,NA,NA,NA,NA,NA,NA,NA,NA,68,,,NA,,,Higher degree,496667,1759915779654,1759915282987,-1,female,English,Alice needs exactly 2 points to win.|Alice needs at least 1 point to win.,57dc590ddcda780001a0e157,68e62be16b1b517119a9bc49,68e625d20d644f9679c7d1c3,"In the previous question, what was the winning rule for Alice?",Alice needs at least 1 point to win.,5248
1976,NA,NA,NA,NA,NA,NA,NA,NA,68,,,NA,,,Higher degree,496667,1759915779654,1759915282987,-1,female,English,Yes|No|I am not sure,57dc590ddcda780001a0e157,68e62be16b1b517119a9bc49,68e625d20d644f9679c7d1c3,Does Alice know how many guitar cards Bob has in his deck?,No,3230
1976,NA,NA,NA,NA,NA,NA,NA,NA,68,,,NA,,,Higher degree,496667,1759915779654,1759915282987,NA,female,English,I drew the office worker card.|Bob drew the beer card.,57dc590ddcda780001a0e157,68e62be16b1b517119a9bc49,68e625d20d644f9679c7d1c3,I lost because ,I drew the office worker card.,24632
1976,NA,NA,NA,NA,NA,NA,NA,NA,68,,,NA,,,Higher degree,496667,1759915779654,1759915282987,NA,female,English,I drew the violin card.|Bob drew the guitar card.,57dc590ddcda780001a0e157,68e62be16b1b517119a9bc49,68e625d20d644f9679c7d1c3,I won because ,Bob drew the guitar card.,29429
1976,NA,NA,NA,NA,NA,NA,NA,NA,68,,,NA,,,Higher degree,496667,1759915779654,1759915282987,NA,female,English,I drew the party card.|Bob drew the game card.,57dc590ddcda780001a0e157,68e62be16b1b517119a9bc49,68e625d20d644f9679c7d1c3,I lost because ,I drew the party card.,21573
1976,NA,NA,NA,NA,NA,NA,NA,NA,68,,,NA,,,Higher degree,496667,1759915779654,1759915282987,NA,female,English,I drew the math card.|Bob drew the biology card.,57dc590ddcda780001a0e157,68e62be16b1b517119a9bc49,68e625d20d644f9679c7d1c3,I won because ,Bob drew the biology card.,22776
1976,NA,NA,more than 5,NA,NA,NA,less than 5,NA,68,,,NA,,,Higher degree,496667,1759915779654,1759915282987,NA,female,English,NA,57dc590ddcda780001a0e157,68e62be16b1b517119a9bc49,68e625d20d644f9679c7d1c3,NA,NA,27599
1976,less than 5,NA,NA,NA,more than 5,NA,NA,NA,68,,,NA,,,Higher degree,496667,1759915779654,1759915282987,NA,female,English,NA,57dc590ddcda780001a0e157,68e62be16b1b517119a9bc49,68e625d20d644f9679c7d1c3,NA,NA,19964
1976,NA,less than 5,NA,NA,NA,less than 5,NA,NA,68,,,fewer,,,Higher degree,496667,1759915779654,1759915282987,NA,female,English,NA,57dc590ddcda780001a0e157,68e62be16b1b517119a9bc49,68e625d20d644f9679c7d1c3,NA,NA,30360
1976,NA,NA,NA,less than 5,NA,NA,NA,more than 5,68,,,NA,,,Higher degree,496667,1759915779654,1759915282987,NA,female,English,NA,57dc590ddcda780001a0e157,68e62be16b1b517119a9bc49,68e625d20d644f9679c7d1c3,NA,NA,42668
1966,NA,NA,NA,NA,NA,NA,NA,NA,53,,,,,,Graduated College,346421,1759915351357,1759915004936,-1,female,English,Yes|No|I am not sure,63c3d40087c635e7f521b300,68e62bc7a66d1042bcf05f0c,68e625d20d644f9679c7d1c3,Is it possible that Bob draws a violin card from his deck?,No,9399
1966,NA,NA,NA,NA,NA,NA,NA,NA,53,,,,,,Graduated College,346421,1759915351357,1759915004936,-1,female,English,Alice needs exactly 2 points to win.|Alice needs at least 1 point to win.,63c3d40087c635e7f521b300,68e62bc7a66d1042bcf05f0c,68e625d20d644f9679c7d1c3,"In the previous question, what was the winning rule for Alice?",Alice needs at least 1 point to win.,4245
1966,NA,NA,NA,NA,NA,NA,NA,NA,53,,,,,,Graduated College,346421,1759915351357,1759915004936,-1,female,English,Yes|No|I am not sure,63c3d40087c635e7f521b300,68e62bc7a66d1042bcf05f0c,68e625d20d644f9679c7d1c3,Does Alice know how many guitar cards Bob has in his deck?,Yes,4620
1966,NA,NA,NA,NA,NA,NA,NA,NA,53,,,,,,Graduated College,346421,1759915351357,1759915004936,NA,female,English,I drew the violin card.|Bob drew the guitar card.,63c3d40087c635e7f521b300,68e62bc7a66d1042bcf05f0c,68e625d20d644f9679c7d1c3,I won because ,I drew the violin card.,22676
1966,NA,NA,NA,NA,NA,NA,NA,NA,53,,,,,,Graduated College,346421,1759915351357,1759915004936,NA,female,English,I drew the party card.|Bob drew the game card.,63c3d40087c635e7f521b300,68e62bc7a66d1042bcf05f0c,68e625d20d644f9679c7d1c3,I lost because ,Bob drew the game card.,12626
1966,NA,NA,NA,NA,NA,NA,NA,NA,53,,,,,,Graduated College,346421,1759915351357,1759915004936,NA,female,English,I drew the math card.|Bob drew the biology card.,63c3d40087c635e7f521b300,68e62bc7a66d1042bcf05f0c,68e625d20d644f9679c7d1c3,I won because ,I drew the math card.,8918
1966,NA,NA,NA,NA,NA,NA,NA,NA,53,,,,,,Graduated College,346421,1759915351357,1759915004936,NA,female,English,I drew the office worker card.|Bob drew the beer card.,63c3d40087c635e7f521b300,68e62bc7a66d1042bcf05f0c,68e625d20d644f9679c7d1c3,I lost because ,Bob drew the beer card.,8469
1966,less than 5,NA,NA,NA,more than 5,NA,NA,NA,53,,,,,,Graduated College,346421,1759915351357,1759915004936,NA,female,English,NA,63c3d40087c635e7f521b300,68e62bc7a66d1042bcf05f0c,68e625d20d644f9679c7d1c3,NA,NA,42935
1966,NA,less than 5,NA,NA,NA,more than 5,NA,NA,53,,,,,,Graduated College,346421,1759915351357,1759915004936,NA,female,English,NA,63c3d40087c635e7f521b300,68e62bc7a66d1042bcf05f0c,68e625d20d644f9679c7d1c3,NA,NA,27171
1966,NA,NA,NA,less than 5,NA,NA,NA,more than 5,53,,,,,,Graduated College,346421,1759915351357,1759915004936,NA,female,English,NA,63c3d40087c635e7f521b300,68e62bc7a66d1042bcf05f0c,68e625d20d644f9679c7d1c3,NA,NA,31312
1966,NA,NA,more than 5,NA,NA,NA,less than 5,NA,53,,,,,,Graduated College,346421,1759915351357,1759915004936,NA,female,English,NA,63c3d40087c635e7f521b300,68e62bc7a66d1042bcf05f0c,68e625d20d644f9679c7d1c3,NA,NA,14721
1970,NA,NA,NA,NA,NA,NA,NA,NA,30,,,NA,,,Higher degree,587215,1759915529894,1759914942679,-1,male,English,Yes|No|I am not sure,67936ef71361a451201f9717,68e62bbb2dbe01f7b1083478,68e625d20d644f9679c7d1c3,Is it possible that Bob draws a violin card from his deck?,No,14065
1970,NA,NA,NA,NA,NA,NA,NA,NA,30,,,NA,,,Higher degree,587215,1759915529894,1759914942679,-1,male,English,Alice needs exactly 2 points to win.|Alice needs at least 1 point to win.,67936ef71361a451201f9717,68e62bbb2dbe01f7b1083478,68e625d20d644f9679c7d1c3,"In the previous question, what was the winning rule for Alice?",Alice needs at least 1 point to win.,5039
1970,NA,NA,NA,NA,NA,NA,NA,NA,30,,,NA,,,Higher degree,587215,1759915529894,1759914942679,-1,male,English,Yes|No|I am not sure,67936ef71361a451201f9717,68e62bbb2dbe01f7b1083478,68e625d20d644f9679c7d1c3,Does Alice know how many guitar cards Bob has in his deck?,No,2973
1970,NA,NA,NA,NA,NA,NA,NA,NA,30,,,NA,,,Higher degree,587215,1759915529894,1759914942679,NA,male,English,I drew the office worker card.|Bob drew the beer card.,67936ef71361a451201f9717,68e62bbb2dbe01f7b1083478,68e625d20d644f9679c7d1c3,I lost because ,I drew the office worker card.,13631
1970,NA,NA,NA,NA,NA,NA,NA,NA,30,,,NA,,,Higher degree,587215,1759915529894,1759914942679,NA,male,English,I drew the violin card.|Bob drew the guitar card.,67936ef71361a451201f9717,68e62bbb2dbe01f7b1083478,68e625d20d644f9679c7d1c3,I won because ,I drew the violin card.,22585
1970,NA,NA,NA,NA,NA,NA,NA,NA,30,,,NA,,,Higher degree,587215,1759915529894,1759914942679,NA,male,English,I drew the math card.|Bob drew the biology card.,67936ef71361a451201f9717,68e62bbb2dbe01f7b1083478,68e625d20d644f9679c7d1c3,I won because ,I drew the math card.,9534
1970,NA,NA,NA,NA,NA,NA,NA,NA,30,,,NA,,,Higher degree,587215,1759915529894,1759914942679,NA,male,English,I drew the party card.|Bob drew the game card.,67936ef71361a451201f9717,68e62bbb2dbe01f7b1083478,68e625d20d644f9679c7d1c3,I lost because ,Bob drew the game card.,18430
1970,NA,less than 5,NA,NA,NA,less than 5,NA,NA,30,,,same number,,,Higher degree,587215,1759915529894,1759914942679,NA,male,English,NA,67936ef71361a451201f9717,68e62bbb2dbe01f7b1083478,68e625d20d644f9679c7d1c3,NA,NA,220349
1970,NA,NA,NA,less than 5,NA,NA,NA,more than 5,30,,,NA,,,Higher degree,587215,1759915529894,1759914942679,NA,male,English,NA,67936ef71361a451201f9717,68e62bbb2dbe01f7b1083478,68e625d20d644f9679c7d1c3,NA,NA,25354
1970,less than 5,NA,NA,NA,more than 5,NA,NA,NA,30,,,NA,,,Higher degree,587215,1759915529894,1759914942679,NA,male,English,NA,67936ef71361a451201f9717,68e62bbb2dbe01f7b1083478,68e625d20d644f9679c7d1c3,NA,NA,21320
1970,NA,NA,more than 5,NA,NA,NA,less than 5,NA,30,,,NA,,,Higher degree,587215,1759915529894,1759914942679,NA,male,English,NA,67936ef71361a451201f9717,68e62bbb2dbe01f7b1083478,68e625d20d644f9679c7d1c3,NA,NA,16762
1971,NA,NA,NA,NA,NA,NA,NA,NA,29,,,,,,Higher degree,458926,1759915581027,1759915122101,-1,male,English,Yes|No|I am not sure,62aaea96f2e434cf331b5a66,68e62c5129db4257f9018e66,68e625d20d644f9679c7d1c3,Is it possible that Bob draws a violin card from his deck?,No,12010
1971,NA,NA,NA,NA,NA,NA,NA,NA,29,,,,,,Higher degree,458926,1759915581027,1759915122101,-1,male,English,Alice needs exactly 2 points to win.|Alice needs at least 1 point to win.,62aaea96f2e434cf331b5a66,68e62c5129db4257f9018e66,68e625d20d644f9679c7d1c3,"In the previous question, what was the winning rule for Alice?",Alice needs at least 1 point to win.,7214
1971,NA,NA,NA,NA,NA,NA,NA,NA,29,,,,,,Higher degree,458926,1759915581027,1759915122101,-1,male,English,Yes|No|I am not sure,62aaea96f2e434cf331b5a66,68e62c5129db4257f9018e66,68e625d20d644f9679c7d1c3,Does Alice know how many guitar cards Bob has in his deck?,No,10779
1971,NA,NA,NA,NA,NA,NA,NA,NA,29,,,,,,Higher degree,458926,1759915581027,1759915122101,NA,male,English,I drew the math card.|Bob drew the biology card.,62aaea96f2e434cf331b5a66,68e62c5129db4257f9018e66,68e625d20d644f9679c7d1c3,I won because ,I drew the math card.,17949
1971,NA,NA,NA,NA,NA,NA,NA,NA,29,,,,,,Higher degree,458926,1759915581027,1759915122101,NA,male,English,I drew the violin card.|Bob drew the guitar card.,62aaea96f2e434cf331b5a66,68e62c5129db4257f9018e66,68e625d20d644f9679c7d1c3,I won because ,I drew the violin card.,19001
1971,NA,NA,NA,NA,NA,NA,NA,NA,29,,,,,,Higher degree,458926,1759915581027,1759915122101,NA,male,English,I drew the party card.|Bob drew the game card.,62aaea96f2e434cf331b5a66,68e62c5129db4257f9018e66,68e625d20d644f9679c7d1c3,I lost because ,Bob drew the game card.,10123
1971,NA,NA,NA,NA,NA,NA,NA,NA,29,,,,,,Higher degree,458926,1759915581027,1759915122101,NA,male,English,I drew the office worker card.|Bob drew the beer card.,62aaea96f2e434cf331b5a66,68e62c5129db4257f9018e66,68e625d20d644f9679c7d1c3,I lost because ,I drew the office worker card.,13743
1971,NA,NA,NA,5,NA,NA,NA,more than 5,29,,,,,,Higher degree,458926,1759915581027,1759915122101,NA,male,English,NA,62aaea96f2e434cf331b5a66,68e62c5129db4257f9018e66,68e625d20d644f9679c7d1c3,NA,NA,60061
1971,NA,NA,more than 5,NA,NA,NA,5,NA,29,,,,,,Higher degree,458926,1759915581027,1759915122101,NA,male,English,NA,62aaea96f2e434cf331b5a66,68e62c5129db4257f9018e66,68e625d20d644f9679c7d1c3,NA,NA,26688
1971,NA,more than 5,NA,NA,NA,5,NA,NA,29,,,,,,Higher degree,458926,1759915581027,1759915122101,NA,male,English,NA,62aaea96f2e434cf331b5a66,68e62c5129db4257f9018e66,68e625d20d644f9679c7d1c3,NA,NA,19254
1971,5,NA,NA,NA,more than 5,NA,NA,NA,29,,,,,,Higher degree,458926,1759915581027,1759915122101,NA,male,English,NA,62aaea96f2e434cf331b5a66,68e62c5129db4257f9018e66,68e625d20d644f9679c7d1c3,NA,NA,18714
1967,NA,NA,NA,NA,NA,NA,NA,NA,36,No comments,,,,,Higher degree,399286,1759915432350,1759915033064,-1,female,english,Yes|No|I am not sure,5f3287b83428cb05746e2214,68e62bbaf805ee256ea7015d,68e625d20d644f9679c7d1c3,Is it possible that Bob draws a violin card from his deck?,No,11288
1967,NA,NA,NA,NA,NA,NA,NA,NA,36,No comments,,,,,Higher degree,399286,1759915432350,1759915033064,-1,female,english,Alice needs exactly 2 points to win.|Alice needs at least 1 point to win.,5f3287b83428cb05746e2214,68e62bbaf805ee256ea7015d,68e625d20d644f9679c7d1c3,"In the previous question, what was the winning rule for Alice?",Alice needs exactly 2 points to win.,5339
1967,NA,NA,NA,NA,NA,NA,NA,NA,36,No comments,,,,,Higher degree,399286,1759915432350,1759915033064,-1,female,english,Yes|No|I am not sure,5f3287b83428cb05746e2214,68e62bbaf805ee256ea7015d,68e625d20d644f9679c7d1c3,Does Alice know how many guitar cards Bob has in his deck?,No,7686
1967,NA,NA,NA,NA,NA,NA,NA,NA,36,No comments,,,,,Higher degree,399286,1759915432350,1759915033064,NA,female,english,I drew the violin card.|Bob drew the guitar card.,5f3287b83428cb05746e2214,68e62bbaf805ee256ea7015d,68e625d20d644f9679c7d1c3,I won because ,Bob drew the guitar card.,19257
1967,NA,NA,NA,NA,NA,NA,NA,NA,36,No comments,,,,,Higher degree,399286,1759915432350,1759915033064,NA,female,english,I drew the party card.|Bob drew the game card.,5f3287b83428cb05746e2214,68e62bbaf805ee256ea7015d,68e625d20d644f9679c7d1c3,I lost because ,Bob drew the game card.,16318
1967,NA,NA,NA,NA,NA,NA,NA,NA,36,No comments,,,,,Higher degree,399286,1759915432350,1759915033064,NA,female,english,I drew the office worker card.|Bob drew the beer card.,5f3287b83428cb05746e2214,68e62bbaf805ee256ea7015d,68e625d20d644f9679c7d1c3,I lost because ,I drew the office worker card.,19550
1967,NA,NA,NA,NA,NA,NA,NA,NA,36,No comments,,,,,Higher degree,399286,1759915432350,1759915033064,NA,female,english,I drew the math card.|Bob drew the biology card.,5f3287b83428cb05746e2214,68e62bbaf805ee256ea7015d,68e625d20d644f9679c7d1c3,I won because ,I drew the math card.,12686
1967,NA,less than 5,NA,NA,NA,5,NA,NA,36,No comments,,,,,Higher degree,399286,1759915432350,1759915033064,NA,female,english,NA,5f3287b83428cb05746e2214,68e62bbaf805ee256ea7015d,68e625d20d644f9679c7d1c3,NA,NA,37362
1967,NA,NA,NA,less than 5,NA,NA,NA,more than 5,36,No comments,,,,,Higher degree,399286,1759915432350,1759915033064,NA,female,english,NA,5f3287b83428cb05746e2214,68e62bbaf805ee256ea7015d,68e625d20d644f9679c7d1c3,NA,NA,20384
1967,more than 5,NA,NA,NA,less than 5,NA,NA,NA,36,No comments,,,,,Higher degree,399286,1759915432350,1759915033064,NA,female,english,NA,5f3287b83428cb05746e2214,68e62bbaf805ee256ea7015d,68e625d20d644f9679c7d1c3,NA,NA,21497
1967,NA,NA,5,NA,NA,NA,less than 5,NA,36,No comments,,,,,Higher degree,399286,1759915432350,1759915033064,NA,female,english,NA,5f3287b83428cb05746e2214,68e62bbaf805ee256ea7015d,68e625d20d644f9679c7d1c3,NA,NA,33991
1968,NA,NA,NA,NA,NA,NA,NA,NA,36,,,,,NA,Graduated College,250834,1759915447075,1759915196241,-1,male,English,Yes|No|I am not sure,60643e9b1b2e851ff9238862,68e62cb11800f761c79a579c,68e625d20d644f9679c7d1c3,Is it possible that Bob draws a violin card from his deck?,No,8521
1968,NA,NA,NA,NA,NA,NA,NA,NA,36,,,,,NA,Graduated College,250834,1759915447075,1759915196241,-1,male,English,Alice needs exactly 2 points to win.|Alice needs at least 1 point to win.,60643e9b1b2e851ff9238862,68e62cb11800f761c79a579c,68e625d20d644f9679c7d1c3,"In the previous question, what was the winning rule for Alice?",Alice needs at least 1 point to win.,2453
1968,NA,NA,NA,NA,NA,NA,NA,NA,36,,,,,NA,Graduated College,250834,1759915447075,1759915196241,-1,male,English,Yes|No|I am not sure,60643e9b1b2e851ff9238862,68e62cb11800f761c79a579c,68e625d20d644f9679c7d1c3,Does Alice know how many guitar cards Bob has in his deck?,No,2249
1968,NA,NA,NA,NA,NA,NA,NA,NA,36,,,,,NA,Graduated College,250834,1759915447075,1759915196241,NA,male,English,I drew the math card.|Bob drew the biology card.,60643e9b1b2e851ff9238862,68e62cb11800f761c79a579c,68e625d20d644f9679c7d1c3,I won because ,I drew the math card.,14648
1968,NA,NA,NA,NA,NA,NA,NA,NA,36,,,,,NA,Graduated College,250834,1759915447075,1759915196241,NA,male,English,I drew the office worker card.|Bob drew the beer card.,60643e9b1b2e851ff9238862,68e62cb11800f761c79a579c,68e625d20d644f9679c7d1c3,I lost because ,I drew the office worker card.,18094
1968,NA,NA,NA,NA,NA,NA,NA,NA,36,,,,,NA,Graduated College,250834,1759915447075,1759915196241,NA,male,English,I drew the party card.|Bob drew the game card.,60643e9b1b2e851ff9238862,68e62cb11800f761c79a579c,68e625d20d644f9679c7d1c3,I lost because ,I drew the party card.,11370
1968,NA,NA,NA,NA,NA,NA,NA,NA,36,,,,,NA,Graduated College,250834,1759915447075,1759915196241,NA,male,English,I drew the violin card.|Bob drew the guitar card.,60643e9b1b2e851ff9238862,68e62cb11800f761c79a579c,68e625d20d644f9679c7d1c3,I won because ,I drew the violin card.,10876
1968,NA,NA,less than 5,NA,NA,NA,more than 5,NA,36,,,,,NA,Graduated College,250834,1759915447075,1759915196241,NA,male,English,NA,60643e9b1b2e851ff9238862,68e62cb11800f761c79a579c,68e625d20d644f9679c7d1c3,NA,NA,22991
1968,NA,NA,NA,less than 5,NA,NA,NA,less than 5,36,,,,,same number,Graduated College,250834,1759915447075,1759915196241,NA,male,English,NA,60643e9b1b2e851ff9238862,68e62cb11800f761c79a579c,68e625d20d644f9679c7d1c3,NA,NA,23623
1968,NA,less than 5,NA,NA,NA,more than 5,NA,NA,36,,,,,NA,Graduated College,250834,1759915447075,1759915196241,NA,male,English,NA,60643e9b1b2e851ff9238862,68e62cb11800f761c79a579c,68e625d20d644f9679c7d1c3,NA,NA,17009
1968,more than 5,NA,NA,NA,less than 5,NA,NA,NA,36,,,,,NA,Graduated College,250834,1759915447075,1759915196241,NA,male,English,NA,60643e9b1b2e851ff9238862,68e62cb11800f761c79a579c,68e625d20d644f9679c7d1c3,NA,NA,10007
1969,NA,NA,NA,NA,NA,NA,NA,NA,37,,,,,,Higher degree,194880,1759915566268,1759915371388,-1,male,English,Yes|No|I am not sure,5dbf5fe16849043f135aa2c0,68e62cb38899313a514c6bfd,68e625d20d644f9679c7d1c3,Is it possible that Bob draws a violin card from his deck?,No,8624
1969,NA,NA,NA,NA,NA,NA,NA,NA,37,,,,,,Higher degree,194880,1759915566268,1759915371388,-1,male,English,Alice needs exactly 2 points to win.|Alice needs at least 1 point to win.,5dbf5fe16849043f135aa2c0,68e62cb38899313a514c6bfd,68e625d20d644f9679c7d1c3,"In the previous question, what was the winning rule for Alice?",Alice needs at least 1 point to win.,3593
1969,NA,NA,NA,NA,NA,NA,NA,NA,37,,,,,,Higher degree,194880,1759915566268,1759915371388,-1,male,English,Yes|No|I am not sure,5dbf5fe16849043f135aa2c0,68e62cb38899313a514c6bfd,68e625d20d644f9679c7d1c3,Does Alice know how many guitar cards Bob has in his deck?,Yes,3046
1969,NA,NA,NA,NA,NA,NA,NA,NA,37,,,,,,Higher degree,194880,1759915566268,1759915371388,NA,male,English,I drew the math card.|Bob drew the biology card.,5dbf5fe16849043f135aa2c0,68e62cb38899313a514c6bfd,68e625d20d644f9679c7d1c3,I won because ,I drew the math card.,24374
1969,NA,NA,NA,NA,NA,NA,NA,NA,37,,,,,,Higher degree,194880,1759915566268,1759915371388,NA,male,English,I drew the office worker card.|Bob drew the beer card.,5dbf5fe16849043f135aa2c0,68e62cb38899313a514c6bfd,68e625d20d644f9679c7d1c3,I lost because ,Bob drew the beer card.,6872
1969,NA,NA,NA,NA,NA,NA,NA,NA,37,,,,,,Higher degree,194880,1759915566268,1759915371388,NA,male,English,I drew the party card.|Bob drew the game card.,5dbf5fe16849043f135aa2c0,68e62cb38899313a514c6bfd,68e625d20d644f9679c7d1c3,I lost because ,Bob drew the game card.,2765
1969,NA,NA,NA,NA,NA,NA,NA,NA,37,,,,,,Higher degree,194880,1759915566268,1759915371388,NA,male,English,I drew the violin card.|Bob drew the guitar card.,5dbf5fe16849043f135aa2c0,68e62cb38899313a514c6bfd,68e625d20d644f9679c7d1c3,I won because ,I drew the violin card.,2606
1969,NA,less than 5,NA,NA,NA,more than 5,NA,NA,37,,,,,,Higher degree,194880,1759915566268,1759915371388,NA,male,English,NA,5dbf5fe16849043f135aa2c0,68e62cb38899313a514c6bfd,68e625d20d644f9679c7d1c3,NA,NA,14975
1969,NA,NA,5,NA,NA,NA,less than 5,NA,37,,,,,,Higher degree,194880,1759915566268,1759915371388,NA,male,English,NA,5dbf5fe16849043f135aa2c0,68e62cb38899313a514c6bfd,68e625d20d644f9679c7d1c3,NA,NA,8740
1969,NA,NA,NA,less than 5,NA,NA,NA,more than 5,37,,,,,,Higher degree,194880,1759915566268,1759915371388,NA,male,English,NA,5dbf5fe16849043f135aa2c0,68e62cb38899313a514c6bfd,68e625d20d644f9679c7d1c3,NA,NA,8986
1969,5,NA,NA,NA,less than 5,NA,NA,NA,37,,,,,,Higher degree,194880,1759915566268,1759915371388,NA,male,English,NA,5dbf5fe16849043f135aa2c0,68e62cb38899313a514c6bfd,68e625d20d644f9679c7d1c3,NA,NA,4072
1974,NA,NA,NA,NA,NA,NA,NA,NA,40,,NA,NA,NA,NA,Graduated High-school,681742,1759915687150,1759915005408,-1,female,English,Yes|No|I am not sure,5f46c67a25a21808e955969a,68e62bf825ba0c577ed60509,68e625d20d644f9679c7d1c3,Is it possible that Bob draws a violin card from his deck?,No,34997
1974,NA,NA,NA,NA,NA,NA,NA,NA,40,,NA,NA,NA,NA,Graduated High-school,681742,1759915687150,1759915005408,-1,female,English,Alice needs exactly 2 points to win.|Alice needs at least 1 point to win.,5f46c67a25a21808e955969a,68e62bf825ba0c577ed60509,68e625d20d644f9679c7d1c3,"In the previous question, what was the winning rule for Alice?",Alice needs at least 1 point to win.,7410
1974,NA,NA,NA,NA,NA,NA,NA,NA,40,,NA,NA,NA,NA,Graduated High-school,681742,1759915687150,1759915005408,-1,female,English,Yes|No|I am not sure,5f46c67a25a21808e955969a,68e62bf825ba0c577ed60509,68e625d20d644f9679c7d1c3,Does Alice know how many guitar cards Bob has in his deck?,No,8704
1974,NA,NA,NA,NA,NA,NA,NA,NA,40,,NA,NA,NA,NA,Graduated High-school,681742,1759915687150,1759915005408,NA,female,English,I drew the violin card.|Bob drew the guitar card.,5f46c67a25a21808e955969a,68e62bf825ba0c577ed60509,68e625d20d644f9679c7d1c3,I won because ,I drew the violin card.,28262
1974,NA,NA,NA,NA,NA,NA,NA,NA,40,,NA,NA,NA,NA,Graduated High-school,681742,1759915687150,1759915005408,NA,female,English,I drew the office worker card.|Bob drew the beer card.,5f46c67a25a21808e955969a,68e62bf825ba0c577ed60509,68e625d20d644f9679c7d1c3,I lost because ,Bob drew the beer card.,20725
1974,NA,NA,NA,NA,NA,NA,NA,NA,40,,NA,NA,NA,NA,Graduated High-school,681742,1759915687150,1759915005408,NA,female,English,I drew the party card.|Bob drew the game card.,5f46c67a25a21808e955969a,68e62bf825ba0c577ed60509,68e625d20d644f9679c7d1c3,I lost because ,Bob drew the game card.,20278
1974,NA,NA,NA,NA,NA,NA,NA,NA,40,,NA,NA,NA,NA,Graduated High-school,681742,1759915687150,1759915005408,NA,female,English,I drew the math card.|Bob drew the biology card.,5f46c67a25a21808e955969a,68e62bf825ba0c577ed60509,68e625d20d644f9679c7d1c3,I won because ,I drew the math card.,10751
1974,less than 5,NA,NA,NA,less than 5,NA,NA,NA,40,,same number,NA,NA,NA,Graduated High-school,681742,1759915687150,1759915005408,NA,female,English,NA,5f46c67a25a21808e955969a,68e62bf825ba0c577ed60509,68e625d20d644f9679c7d1c3,NA,NA,30160
1974,NA,NA,less than 5,NA,NA,NA,less than 5,NA,40,,NA,NA,same number,NA,Graduated High-school,681742,1759915687150,1759915005408,NA,female,English,NA,5f46c67a25a21808e955969a,68e62bf825ba0c577ed60509,68e625d20d644f9679c7d1c3,NA,NA,22776
1974,NA,less than 5,NA,NA,NA,less than 5,NA,NA,40,,NA,same number,NA,NA,Graduated High-school,681742,1759915687150,1759915005408,NA,female,English,NA,5f46c67a25a21808e955969a,68e62bf825ba0c577ed60509,68e625d20d644f9679c7d1c3,NA,NA,22633
1974,NA,NA,NA,less than 5,NA,NA,NA,less than 5,40,,NA,NA,NA,more,Graduated High-school,681742,1759915687150,1759915005408,NA,female,English,NA,5f46c67a25a21808e955969a,68e62bf825ba0c577ed60509,68e625d20d644f9679c7d1c3,NA,NA,32807
1975,NA,NA,NA,NA,NA,NA,NA,NA,45,Completed on laptop and encountered no technical issues. Thank you.,NA,,,,Graduated College,563302,1759915704152,1759915140850,-1,male,English,Yes|No|I am not sure,5d4c217a97d8a600013b46cf,68e62c3ae8fc5de4d41fad80,68e625d20d644f9679c7d1c3,Is it possible that Bob draws a violin card from his deck?,No,13754
1975,NA,NA,NA,NA,NA,NA,NA,NA,45,Completed on laptop and encountered no technical issues. Thank you.,NA,,,,Graduated College,563302,1759915704152,1759915140850,-1,male,English,Alice needs exactly 2 points to win.|Alice needs at least 1 point to win.,5d4c217a97d8a600013b46cf,68e62c3ae8fc5de4d41fad80,68e625d20d644f9679c7d1c3,"In the previous question, what was the winning rule for Alice?",Alice needs at least 1 point to win.,4001
1975,NA,NA,NA,NA,NA,NA,NA,NA,45,Completed on laptop and encountered no technical issues. Thank you.,NA,,,,Graduated College,563302,1759915704152,1759915140850,-1,male,English,Yes|No|I am not sure,5d4c217a97d8a600013b46cf,68e62c3ae8fc5de4d41fad80,68e625d20d644f9679c7d1c3,Does Alice know how many guitar cards Bob has in his deck?,Yes,4202
1975,NA,NA,NA,NA,NA,NA,NA,NA,45,Completed on laptop and encountered no technical issues. Thank you.,NA,,,,Graduated College,563302,1759915704152,1759915140850,NA,male,English,I drew the office worker card.|Bob drew the beer card.,5d4c217a97d8a600013b46cf,68e62c3ae8fc5de4d41fad80,68e625d20d644f9679c7d1c3,I lost because ,I drew the office worker card.,74226
1975,NA,NA,NA,NA,NA,NA,NA,NA,45,Completed on laptop and encountered no technical issues. Thank you.,NA,,,,Graduated College,563302,1759915704152,1759915140850,NA,male,English,I drew the party card.|Bob drew the game card.,5d4c217a97d8a600013b46cf,68e62c3ae8fc5de4d41fad80,68e625d20d644f9679c7d1c3,I lost because ,I drew the party card.,42633
1975,NA,NA,NA,NA,NA,NA,NA,NA,45,Completed on laptop and encountered no technical issues. Thank you.,NA,,,,Graduated College,563302,1759915704152,1759915140850,NA,male,English,I drew the violin card.|Bob drew the guitar card.,5d4c217a97d8a600013b46cf,68e62c3ae8fc5de4d41fad80,68e625d20d644f9679c7d1c3,I won because ,I drew the violin card.,21082
1975,NA,NA,NA,NA,NA,NA,NA,NA,45,Completed on laptop and encountered no technical issues. Thank you.,NA,,,,Graduated College,563302,1759915704152,1759915140850,NA,male,English,I drew the math card.|Bob drew the biology card.,5d4c217a97d8a600013b46cf,68e62c3ae8fc5de4d41fad80,68e625d20d644f9679c7d1c3,I won because ,I drew the math card.,16498
1975,NA,NA,NA,more than 5,NA,NA,NA,less than 5,45,Completed on laptop and encountered no technical issues. Thank you.,NA,,,,Graduated College,563302,1759915704152,1759915140850,NA,male,English,NA,5d4c217a97d8a600013b46cf,68e62c3ae8fc5de4d41fad80,68e625d20d644f9679c7d1c3,NA,NA,60956
1975,more than 5,NA,NA,NA,more than 5,NA,NA,NA,45,Completed on laptop and encountered no technical issues. Thank you.,fewer,,,,Graduated College,563302,1759915704152,1759915140850,NA,male,English,NA,5d4c217a97d8a600013b46cf,68e62c3ae8fc5de4d41fad80,68e625d20d644f9679c7d1c3,NA,NA,47566
1975,NA,NA,more than 5,NA,NA,NA,less than 5,NA,45,Completed on laptop and encountered no technical issues. Thank you.,NA,,,,Graduated College,563302,1759915704152,1759915140850,NA,male,English,NA,5d4c217a97d8a600013b46cf,68e62c3ae8fc5de4d41fad80,68e625d20d644f9679c7d1c3,NA,NA,47820
1975,NA,less than 5,NA,NA,NA,more than 5,NA,NA,45,Completed on laptop and encountered no technical issues. Thank you.,NA,,,,Graduated College,563302,1759915704152,1759915140850,NA,male,English,NA,5d4c217a97d8a600013b46cf,68e62c3ae8fc5de4d41fad80,68e625d20d644f9679c7d1c3,NA,NA,17216
1979,NA,NA,NA,NA,NA,NA,NA,NA,38,,,,,,Graduated High-school,993666,1759915950317,1759914956651,-1,female,English,Yes|No|I am not sure,669533c82c03a4d6320159d3,68e62bbf84dbd5a045dc7769,68e625d20d644f9679c7d1c3,Is it possible that Bob draws a violin card from his deck?,No,117516
1979,NA,NA,NA,NA,NA,NA,NA,NA,38,,,,,,Graduated High-school,993666,1759915950317,1759914956651,-1,female,English,Alice needs exactly 2 points to win.|Alice needs at least 1 point to win.,669533c82c03a4d6320159d3,68e62bbf84dbd5a045dc7769,68e625d20d644f9679c7d1c3,"In the previous question, what was the winning rule for Alice?",Alice needs at least 1 point to win.,4149
1979,NA,NA,NA,NA,NA,NA,NA,NA,38,,,,,,Graduated High-school,993666,1759915950317,1759914956651,-1,female,English,Yes|No|I am not sure,669533c82c03a4d6320159d3,68e62bbf84dbd5a045dc7769,68e625d20d644f9679c7d1c3,Does Alice know how many guitar cards Bob has in his deck?,No,4747
1979,NA,NA,NA,NA,NA,NA,NA,NA,38,,,,,,Graduated High-school,993666,1759915950317,1759914956651,NA,female,English,I drew the violin card.|Bob drew the guitar card.,669533c82c03a4d6320159d3,68e62bbf84dbd5a045dc7769,68e625d20d644f9679c7d1c3,I won because ,I drew the violin card.,109242
1979,NA,NA,NA,NA,NA,NA,NA,NA,38,,,,,,Graduated High-school,993666,1759915950317,1759914956651,NA,female,English,I drew the math card.|Bob drew the biology card.,669533c82c03a4d6320159d3,68e62bbf84dbd5a045dc7769,68e625d20d644f9679c7d1c3,I won because ,I drew the math card.,22206
1979,NA,NA,NA,NA,NA,NA,NA,NA,38,,,,,,Graduated High-school,993666,1759915950317,1759914956651,NA,female,English,I drew the office worker card.|Bob drew the beer card.,669533c82c03a4d6320159d3,68e62bbf84dbd5a045dc7769,68e625d20d644f9679c7d1c3,I lost because ,Bob drew the beer card.,103820
1979,NA,NA,NA,NA,NA,NA,NA,NA,38,,,,,,Graduated High-school,993666,1759915950317,1759914956651,NA,female,English,I drew the party card.|Bob drew the game card.,669533c82c03a4d6320159d3,68e62bbf84dbd5a045dc7769,68e625d20d644f9679c7d1c3,I lost because ,Bob drew the game card.,16513
1979,NA,NA,NA,less than 5,NA,NA,NA,5,38,,,,,,Graduated High-school,993666,1759915950317,1759914956651,NA,female,English,NA,669533c82c03a4d6320159d3,68e62bbf84dbd5a045dc7769,68e625d20d644f9679c7d1c3,NA,NA,156773
1979,NA,more than 5,NA,NA,NA,5,NA,NA,38,,,,,,Graduated High-school,993666,1759915950317,1759914956651,NA,female,English,NA,669533c82c03a4d6320159d3,68e62bbf84dbd5a045dc7769,68e625d20d644f9679c7d1c3,NA,NA,88613
1979,NA,NA,more than 5,NA,NA,NA,less than 5,NA,38,,,,,,Graduated High-school,993666,1759915950317,1759914956651,NA,female,English,NA,669533c82c03a4d6320159d3,68e62bbf84dbd5a045dc7769,68e625d20d644f9679c7d1c3,NA,NA,127027
1979,5,NA,NA,NA,more than 5,NA,NA,NA,38,,,,,,Graduated High-school,993666,1759915950317,1759914956651,NA,female,English,NA,669533c82c03a4d6320159d3,68e62bbf84dbd5a045dc7769,68e625d20d644f9679c7d1c3,NA,NA,15322
1972,NA,NA,NA,NA,NA,NA,NA,NA,47,,,,,,Graduated High-school,499499,1759915582358,1759915082859,-1,female,English,Yes|No|I am not sure,5d8b66f5d189bd001a378273,68e62c48e2d8d002d9865ddc,68e625d20d644f9679c7d1c3,Is it possible that Bob draws a violin card from his deck?,No,21451
1972,NA,NA,NA,NA,NA,NA,NA,NA,47,,,,,,Graduated High-school,499499,1759915582358,1759915082859,-1,female,English,Alice needs exactly 2 points to win.|Alice needs at least 1 point to win.,5d8b66f5d189bd001a378273,68e62c48e2d8d002d9865ddc,68e625d20d644f9679c7d1c3,"In the previous question, what was the winning rule for Alice?",Alice needs at least 1 point to win.,7070
1972,NA,NA,NA,NA,NA,NA,NA,NA,47,,,,,,Graduated High-school,499499,1759915582358,1759915082859,-1,female,English,Yes|No|I am not sure,5d8b66f5d189bd001a378273,68e62c48e2d8d002d9865ddc,68e625d20d644f9679c7d1c3,Does Alice know how many guitar cards Bob has in his deck?,Yes,31342
1972,NA,NA,NA,NA,NA,NA,NA,NA,47,,,,,,Graduated High-school,499499,1759915582358,1759915082859,NA,female,English,I drew the math card.|Bob drew the biology card.,5d8b66f5d189bd001a378273,68e62c48e2d8d002d9865ddc,68e625d20d644f9679c7d1c3,I won because ,I drew the math card.,69677
1972,NA,NA,NA,NA,NA,NA,NA,NA,47,,,,,,Graduated High-school,499499,1759915582358,1759915082859,NA,female,English,I drew the party card.|Bob drew the game card.,5d8b66f5d189bd001a378273,68e62c48e2d8d002d9865ddc,68e625d20d644f9679c7d1c3,I lost because ,Bob drew the game card.,21534
1972,NA,NA,NA,NA,NA,NA,NA,NA,47,,,,,,Graduated High-school,499499,1759915582358,1759915082859,NA,female,English,I drew the office worker card.|Bob drew the beer card.,5d8b66f5d189bd001a378273,68e62c48e2d8d002d9865ddc,68e625d20d644f9679c7d1c3,I lost because ,Bob drew the beer card.,23334
1972,NA,NA,NA,NA,NA,NA,NA,NA,47,,,,,,Graduated High-school,499499,1759915582358,1759915082859,NA,female,English,I drew the violin card.|Bob drew the guitar card.,5d8b66f5d189bd001a378273,68e62c48e2d8d002d9865ddc,68e625d20d644f9679c7d1c3,I won because ,I drew the violin card.,6390
1972,NA,NA,NA,less than 5,NA,NA,NA,more than 5,47,,,,,,Graduated High-school,499499,1759915582358,1759915082859,NA,female,English,NA,5d8b66f5d189bd001a378273,68e62c48e2d8d002d9865ddc,68e625d20d644f9679c7d1c3,NA,NA,48129
1972,less than 5,NA,NA,NA,more than 5,NA,NA,NA,47,,,,,,Graduated High-school,499499,1759915582358,1759915082859,NA,female,English,NA,5d8b66f5d189bd001a378273,68e62c48e2d8d002d9865ddc,68e625d20d644f9679c7d1c3,NA,NA,28264
1972,NA,more than 5,NA,NA,NA,less than 5,NA,NA,47,,,,,,Graduated High-school,499499,1759915582358,1759915082859,NA,female,English,NA,5d8b66f5d189bd001a378273,68e62c48e2d8d002d9865ddc,68e625d20d644f9679c7d1c3,NA,NA,29752
1972,NA,NA,less than 5,NA,NA,NA,more than 5,NA,47,,,,,,Graduated High-school,499499,1759915582358,1759915082859,NA,female,English,NA,5d8b66f5d189bd001a378273,68e62c48e2d8d002d9865ddc,68e625d20d644f9679c7d1c3,NA,NA,6183
1973,NA,NA,NA,NA,NA,NA,NA,NA,23,,NA,NA,NA,NA,Graduated College,610436,1759915628027,1759915017591,-1,male,"English, Polish",Yes|No|I am not sure,60bf28df4926a8b6391df575,68e62bf69469ecc145335525,68e625d20d644f9679c7d1c3,Is it possible that Bob draws a violin card from his deck?,No,5523
1973,NA,NA,NA,NA,NA,NA,NA,NA,23,,NA,NA,NA,NA,Graduated College,610436,1759915628027,1759915017591,-1,male,"English, Polish",Alice needs exactly 2 points to win.|Alice needs at least 1 point to win.,60bf28df4926a8b6391df575,68e62bf69469ecc145335525,68e625d20d644f9679c7d1c3,"In the previous question, what was the winning rule for Alice?",Alice needs at least 1 point to win.,2314
1973,NA,NA,NA,NA,NA,NA,NA,NA,23,,NA,NA,NA,NA,Graduated College,610436,1759915628027,1759915017591,-1,male,"English, Polish",Yes|No|I am not sure,60bf28df4926a8b6391df575,68e62bf69469ecc145335525,68e625d20d644f9679c7d1c3,Does Alice know how many guitar cards Bob has in his deck?,Yes,3399
1973,NA,NA,NA,NA,NA,NA,NA,NA,23,,NA,NA,NA,NA,Graduated College,610436,1759915628027,1759915017591,NA,male,"English, Polish",I drew the math card.|Bob drew the biology card.,60bf28df4926a8b6391df575,68e62bf69469ecc145335525,68e625d20d644f9679c7d1c3,I won because ,I drew the math card.,13852
1973,NA,NA,NA,NA,NA,NA,NA,NA,23,,NA,NA,NA,NA,Graduated College,610436,1759915628027,1759915017591,NA,male,"English, Polish",I drew the office worker card.|Bob drew the beer card.,60bf28df4926a8b6391df575,68e62bf69469ecc145335525,68e625d20d644f9679c7d1c3,I lost because ,Bob drew the beer card.,6394
1973,NA,NA,NA,NA,NA,NA,NA,NA,23,,NA,NA,NA,NA,Graduated College,610436,1759915628027,1759915017591,NA,male,"English, Polish",I drew the party card.|Bob drew the game card.,60bf28df4926a8b6391df575,68e62bf69469ecc145335525,68e625d20d644f9679c7d1c3,I lost because ,Bob drew the game card.,8699
1973,NA,NA,NA,NA,NA,NA,NA,NA,23,,NA,NA,NA,NA,Graduated College,610436,1759915628027,1759915017591,NA,male,"English, Polish",I drew the violin card.|Bob drew the guitar card.,60bf28df4926a8b6391df575,68e62bf69469ecc145335525,68e625d20d644f9679c7d1c3,I won because ,I drew the violin card.,2374
1973,more than 5,NA,NA,NA,more than 5,NA,NA,NA,23,,more,NA,NA,NA,Graduated College,610436,1759915628027,1759915017591,NA,male,"English, Polish",NA,60bf28df4926a8b6391df575,68e62bf69469ecc145335525,68e625d20d644f9679c7d1c3,NA,NA,29041
1973,NA,NA,more than 5,NA,NA,NA,more than 5,NA,23,,NA,NA,more,NA,Graduated College,610436,1759915628027,1759915017591,NA,male,"English, Polish",NA,60bf28df4926a8b6391df575,68e62bf69469ecc145335525,68e625d20d644f9679c7d1c3,NA,NA,14686
1973,NA,less than 5,NA,NA,NA,less than 5,NA,NA,23,,NA,fewer,NA,NA,Graduated College,610436,1759915628027,1759915017591,NA,male,"English, Polish",NA,60bf28df4926a8b6391df575,68e62bf69469ecc145335525,68e625d20d644f9679c7d1c3,NA,NA,8752
1973,NA,NA,NA,less than 5,NA,NA,NA,less than 5,23,,NA,NA,NA,fewer,Graduated College,610436,1759915628027,1759915017591,NA,male,"English, Polish",NA,60bf28df4926a8b6391df575,68e62bf69469ecc145335525,68e625d20d644f9679c7d1c3,NA,NA,10703
1980,NA,NA,NA,NA,NA,NA,NA,NA,56,For the final set of questions I think you need an 'impossible to tell' option. I don't think anything could be inferred about the deck make up from Alison's comments.,,,,,Graduated College,567448,1759915974227,1759915406779,-1,male,English,Yes|No|I am not sure,609d81679bcff493c7d143de,68e62d7d79529af9d1527542,68e625d20d644f9679c7d1c3,Is it possible that Bob draws a violin card from his deck?,No,23589
1980,NA,NA,NA,NA,NA,NA,NA,NA,56,For the final set of questions I think you need an 'impossible to tell' option. I don't think anything could be inferred about the deck make up from Alison's comments.,,,,,Graduated College,567448,1759915974227,1759915406779,-1,male,English,Alice needs exactly 2 points to win.|Alice needs at least 1 point to win.,609d81679bcff493c7d143de,68e62d7d79529af9d1527542,68e625d20d644f9679c7d1c3,"In the previous question, what was the winning rule for Alice?",Alice needs at least 1 point to win.,5606
1980,NA,NA,NA,NA,NA,NA,NA,NA,56,For the final set of questions I think you need an 'impossible to tell' option. I don't think anything could be inferred about the deck make up from Alison's comments.,,,,,Graduated College,567448,1759915974227,1759915406779,-1,male,English,Yes|No|I am not sure,609d81679bcff493c7d143de,68e62d7d79529af9d1527542,68e625d20d644f9679c7d1c3,Does Alice know how many guitar cards Bob has in his deck?,Yes,2949
1980,NA,NA,NA,NA,NA,NA,NA,NA,56,For the final set of questions I think you need an 'impossible to tell' option. I don't think anything could be inferred about the deck make up from Alison's comments.,,,,,Graduated College,567448,1759915974227,1759915406779,NA,male,English,I drew the violin card.|Bob drew the guitar card.,609d81679bcff493c7d143de,68e62d7d79529af9d1527542,68e625d20d644f9679c7d1c3,I won because ,Bob drew the guitar card.,34670
1980,NA,NA,NA,NA,NA,NA,NA,NA,56,For the final set of questions I think you need an 'impossible to tell' option. I don't think anything could be inferred about the deck make up from Alison's comments.,,,,,Graduated College,567448,1759915974227,1759915406779,NA,male,English,I drew the party card.|Bob drew the game card.,609d81679bcff493c7d143de,68e62d7d79529af9d1527542,68e625d20d644f9679c7d1c3,I lost because ,I drew the party card.,13021
1980,NA,NA,NA,NA,NA,NA,NA,NA,56,For the final set of questions I think you need an 'impossible to tell' option. I don't think anything could be inferred about the deck make up from Alison's comments.,,,,,Graduated College,567448,1759915974227,1759915406779,NA,male,English,I drew the office worker card.|Bob drew the beer card.,609d81679bcff493c7d143de,68e62d7d79529af9d1527542,68e625d20d644f9679c7d1c3,I lost because ,I drew the office worker card.,19536
1980,NA,NA,NA,NA,NA,NA,NA,NA,56,For the final set of questions I think you need an 'impossible to tell' option. I don't think anything could be inferred about the deck make up from Alison's comments.,,,,,Graduated College,567448,1759915974227,1759915406779,NA,male,English,I drew the math card.|Bob drew the biology card.,609d81679bcff493c7d143de,68e62d7d79529af9d1527542,68e625d20d644f9679c7d1c3,I won because ,I drew the math card.,16603
1980,NA,NA,NA,5,NA,NA,NA,5,56,For the final set of questions I think you need an 'impossible to tell' option. I don't think anything could be inferred about the deck make up from Alison's comments.,,,,,Graduated College,567448,1759915974227,1759915406779,NA,male,English,NA,609d81679bcff493c7d143de,68e62d7d79529af9d1527542,68e625d20d644f9679c7d1c3,NA,NA,81864
1980,5,NA,NA,NA,5,NA,NA,NA,56,For the final set of questions I think you need an 'impossible to tell' option. I don't think anything could be inferred about the deck make up from Alison's comments.,,,,,Graduated College,567448,1759915974227,1759915406779,NA,male,English,NA,609d81679bcff493c7d143de,68e62d7d79529af9d1527542,68e625d20d644f9679c7d1c3,NA,NA,21094
1980,NA,NA,5,NA,NA,NA,5,NA,56,For the final set of questions I think you need an 'impossible to tell' option. I don't think anything could be inferred about the deck make up from Alison's comments.,,,,,Graduated College,567448,1759915974227,1759915406779,NA,male,English,NA,609d81679bcff493c7d143de,68e62d7d79529af9d1527542,68e625d20d644f9679c7d1c3,NA,NA,14607
1980,NA,5,NA,NA,NA,5,NA,NA,56,For the final set of questions I think you need an 'impossible to tell' option. I don't think anything could be inferred about the deck make up from Alison's comments.,,,,,Graduated College,567448,1759915974227,1759915406779,NA,male,English,NA,609d81679bcff493c7d143de,68e62d7d79529af9d1527542,68e625d20d644f9679c7d1c3,NA,NA,26825
1977,NA,NA,NA,NA,NA,NA,NA,NA,22,,NA,NA,NA,,Graduated High-school,413749,1759915885583,1759915471834,-1,female,English,Yes|No|I am not sure,6078493b4fbb5fd33b499ab7,68e62bc991ebe2c9114229bb,68e625d20d644f9679c7d1c3,Is it possible that Bob draws a violin card from his deck?,No,10571
1977,NA,NA,NA,NA,NA,NA,NA,NA,22,,NA,NA,NA,,Graduated High-school,413749,1759915885583,1759915471834,-1,female,English,Alice needs exactly 2 points to win.|Alice needs at least 1 point to win.,6078493b4fbb5fd33b499ab7,68e62bc991ebe2c9114229bb,68e625d20d644f9679c7d1c3,"In the previous question, what was the winning rule for Alice?",Alice needs at least 1 point to win.,3377
1977,NA,NA,NA,NA,NA,NA,NA,NA,22,,NA,NA,NA,,Graduated High-school,413749,1759915885583,1759915471834,-1,female,English,Yes|No|I am not sure,6078493b4fbb5fd33b499ab7,68e62bc991ebe2c9114229bb,68e625d20d644f9679c7d1c3,Does Alice know how many guitar cards Bob has in his deck?,No,9958
1977,NA,NA,NA,NA,NA,NA,NA,NA,22,,NA,NA,NA,,Graduated High-school,413749,1759915885583,1759915471834,NA,female,English,I drew the party card.|Bob drew the game card.,6078493b4fbb5fd33b499ab7,68e62bc991ebe2c9114229bb,68e625d20d644f9679c7d1c3,I lost because ,Bob drew the game card.,29716
1977,NA,NA,NA,NA,NA,NA,NA,NA,22,,NA,NA,NA,,Graduated High-school,413749,1759915885583,1759915471834,NA,female,English,I drew the violin card.|Bob drew the guitar card.,6078493b4fbb5fd33b499ab7,68e62bc991ebe2c9114229bb,68e625d20d644f9679c7d1c3,I won because ,I drew the violin card.,18728
1977,NA,NA,NA,NA,NA,NA,NA,NA,22,,NA,NA,NA,,Graduated High-school,413749,1759915885583,1759915471834,NA,female,English,I drew the math card.|Bob drew the biology card.,6078493b4fbb5fd33b499ab7,68e62bc991ebe2c9114229bb,68e625d20d644f9679c7d1c3,I won because ,I drew the math card.,17298
1977,NA,NA,NA,NA,NA,NA,NA,NA,22,,NA,NA,NA,,Graduated High-school,413749,1759915885583,1759915471834,NA,female,English,I drew the office worker card.|Bob drew the beer card.,6078493b4fbb5fd33b499ab7,68e62bc991ebe2c9114229bb,68e625d20d644f9679c7d1c3,I lost because ,Bob drew the beer card.,10260
1977,less than 5,NA,NA,NA,less than 5,NA,NA,NA,22,,same number,NA,NA,,Graduated High-school,413749,1759915885583,1759915471834,NA,female,English,NA,6078493b4fbb5fd33b499ab7,68e62bc991ebe2c9114229bb,68e625d20d644f9679c7d1c3,NA,NA,49080
1977,NA,NA,less than 5,NA,NA,NA,less than 5,NA,22,,NA,NA,same number,,Graduated High-school,413749,1759915885583,1759915471834,NA,female,English,NA,6078493b4fbb5fd33b499ab7,68e62bc991ebe2c9114229bb,68e625d20d644f9679c7d1c3,NA,NA,15932
1977,NA,less than 5,NA,NA,NA,less than 5,NA,NA,22,,NA,more,NA,,Graduated High-school,413749,1759915885583,1759915471834,NA,female,English,NA,6078493b4fbb5fd33b499ab7,68e62bc991ebe2c9114229bb,68e625d20d644f9679c7d1c3,NA,NA,40402
1977,NA,NA,NA,5,NA,NA,NA,less than 5,22,,NA,NA,NA,,Graduated High-school,413749,1759915885583,1759915471834,NA,female,English,NA,6078493b4fbb5fd33b499ab7,68e62bc991ebe2c9114229bb,68e625d20d644f9679c7d1c3,NA,NA,18219
1978,NA,NA,NA,NA,NA,NA,NA,NA,39,,NA,NA,NA,NA,Graduated College,964955,1759915938803,1759914973848,-1,male,English,Yes|No|I am not sure,5f5bb87a0093333445af65f2,68e62bc417afc054d6d779ad,68e625d20d644f9679c7d1c3,Is it possible that Bob draws a violin card from his deck?,No,8777
1978,NA,NA,NA,NA,NA,NA,NA,NA,39,,NA,NA,NA,NA,Graduated College,964955,1759915938803,1759914973848,-1,male,English,Alice needs exactly 2 points to win.|Alice needs at least 1 point to win.,5f5bb87a0093333445af65f2,68e62bc417afc054d6d779ad,68e625d20d644f9679c7d1c3,"In the previous question, what was the winning rule for Alice?",Alice needs at least 1 point to win.,31754
1978,NA,NA,NA,NA,NA,NA,NA,NA,39,,NA,NA,NA,NA,Graduated College,964955,1759915938803,1759914973848,-1,male,English,Yes|No|I am not sure,5f5bb87a0093333445af65f2,68e62bc417afc054d6d779ad,68e625d20d644f9679c7d1c3,Does Alice know how many guitar cards Bob has in his deck?,No,9492
1978,NA,NA,NA,NA,NA,NA,NA,NA,39,,NA,NA,NA,NA,Graduated College,964955,1759915938803,1759914973848,NA,male,English,I drew the office worker card.|Bob drew the beer card.,5f5bb87a0093333445af65f2,68e62bc417afc054d6d779ad,68e625d20d644f9679c7d1c3,I lost because ,Bob drew the beer card.,36723
1978,NA,NA,NA,NA,NA,NA,NA,NA,39,,NA,NA,NA,NA,Graduated College,964955,1759915938803,1759914973848,NA,male,English,I drew the violin card.|Bob drew the guitar card.,5f5bb87a0093333445af65f2,68e62bc417afc054d6d779ad,68e625d20d644f9679c7d1c3,I won because ,I drew the violin card.,31331
1978,NA,NA,NA,NA,NA,NA,NA,NA,39,,NA,NA,NA,NA,Graduated College,964955,1759915938803,1759914973848,NA,male,English,I drew the party card.|Bob drew the game card.,5f5bb87a0093333445af65f2,68e62bc417afc054d6d779ad,68e625d20d644f9679c7d1c3,I lost because ,I drew the party card.,37485
1978,NA,NA,NA,NA,NA,NA,NA,NA,39,,NA,NA,NA,NA,Graduated College,964955,1759915938803,1759914973848,NA,male,English,I drew the math card.|Bob drew the biology card.,5f5bb87a0093333445af65f2,68e62bc417afc054d6d779ad,68e625d20d644f9679c7d1c3,I won because ,Bob drew the biology card.,97213
1978,NA,NA,NA,less than 5,NA,NA,NA,less than 5,39,,NA,NA,NA,fewer,Graduated College,964955,1759915938803,1759914973848,NA,male,English,NA,5f5bb87a0093333445af65f2,68e62bc417afc054d6d779ad,68e625d20d644f9679c7d1c3,NA,NA,66430
1978,NA,NA,more than 5,NA,NA,NA,more than 5,NA,39,,NA,NA,more,NA,Graduated College,964955,1759915938803,1759914973848,NA,male,English,NA,5f5bb87a0093333445af65f2,68e62bc417afc054d6d779ad,68e625d20d644f9679c7d1c3,NA,NA,71051
1978,NA,less than 5,NA,NA,NA,less than 5,NA,NA,39,,NA,fewer,NA,NA,Graduated College,964955,1759915938803,1759914973848,NA,male,English,NA,5f5bb87a0093333445af65f2,68e62bc417afc054d6d779ad,68e625d20d644f9679c7d1c3,NA,NA,161130
1978,more than 5,NA,NA,NA,more than 5,NA,NA,NA,39,,more,NA,NA,NA,Graduated College,964955,1759915938803,1759914973848,NA,male,English,NA,5f5bb87a0093333445af65f2,68e62bc417afc054d6d779ad,68e625d20d644f9679c7d1c3,NA,NA,36988
1981,NA,NA,NA,NA,NA,NA,NA,NA,32,None,,,,,Graduated College,573433,1759916019538,1759915446105,-1,female,English,Yes|No|I am not sure,67e069199f5b036960b0cc5f,68e62daff4994dcaae70f7ba,68e625d20d644f9679c7d1c3,Is it possible that Bob draws a violin card from his deck?,I am not sure,28728
1981,NA,NA,NA,NA,NA,NA,NA,NA,32,None,,,,,Graduated College,573433,1759916019538,1759915446105,-1,female,English,Alice needs exactly 2 points to win.|Alice needs at least 1 point to win.,67e069199f5b036960b0cc5f,68e62daff4994dcaae70f7ba,68e625d20d644f9679c7d1c3,"In the previous question, what was the winning rule for Alice?",Alice needs at least 1 point to win.,4823
1981,NA,NA,NA,NA,NA,NA,NA,NA,32,None,,,,,Graduated College,573433,1759916019538,1759915446105,-1,female,English,Yes|No|I am not sure,67e069199f5b036960b0cc5f,68e62daff4994dcaae70f7ba,68e625d20d644f9679c7d1c3,Does Alice know how many guitar cards Bob has in his deck?,No,4161
1981,NA,NA,NA,NA,NA,NA,NA,NA,32,None,,,,,Graduated College,573433,1759916019538,1759915446105,NA,female,English,I drew the violin card.|Bob drew the guitar card.,67e069199f5b036960b0cc5f,68e62daff4994dcaae70f7ba,68e625d20d644f9679c7d1c3,I won because ,I drew the violin card.,31946
1981,NA,NA,NA,NA,NA,NA,NA,NA,32,None,,,,,Graduated College,573433,1759916019538,1759915446105,NA,female,English,I drew the party card.|Bob drew the game card.,67e069199f5b036960b0cc5f,68e62daff4994dcaae70f7ba,68e625d20d644f9679c7d1c3,I lost because ,Bob drew the game card.,18010
1981,NA,NA,NA,NA,NA,NA,NA,NA,32,None,,,,,Graduated College,573433,1759916019538,1759915446105,NA,female,English,I drew the office worker card.|Bob drew the beer card.,67e069199f5b036960b0cc5f,68e62daff4994dcaae70f7ba,68e625d20d644f9679c7d1c3,I lost because ,Bob drew the beer card.,16074
1981,NA,NA,NA,NA,NA,NA,NA,NA,32,None,,,,,Graduated College,573433,1759916019538,1759915446105,NA,female,English,I drew the math card.|Bob drew the biology card.,67e069199f5b036960b0cc5f,68e62daff4994dcaae70f7ba,68e625d20d644f9679c7d1c3,I won because ,I drew the math card.,10128
1981,NA,NA,more than 5,NA,NA,NA,less than 5,NA,32,None,,,,,Graduated College,573433,1759916019538,1759915446105,NA,female,English,NA,67e069199f5b036960b0cc5f,68e62daff4994dcaae70f7ba,68e625d20d644f9679c7d1c3,NA,NA,40495
1981,NA,NA,NA,less than 5,NA,NA,NA,more than 5,32,None,,,,,Graduated College,573433,1759916019538,1759915446105,NA,female,English,NA,67e069199f5b036960b0cc5f,68e62daff4994dcaae70f7ba,68e625d20d644f9679c7d1c3,NA,NA,27112
1981,less than 5,NA,NA,NA,more than 5,NA,NA,NA,32,None,,,,,Graduated College,573433,1759916019538,1759915446105,NA,female,English,NA,67e069199f5b036960b0cc5f,68e62daff4994dcaae70f7ba,68e625d20d644f9679c7d1c3,NA,NA,35615
1981,NA,less than 5,NA,NA,NA,more than 5,NA,NA,32,None,,,,,Graduated College,573433,1759916019538,1759915446105,NA,female,English,NA,67e069199f5b036960b0cc5f,68e62daff4994dcaae70f7ba,68e625d20d644f9679c7d1c3,NA,NA,32474
1982,NA,NA,NA,NA,NA,NA,NA,NA,78,I am 79 on 26 October,NA,NA,NA,,Graduated High-school,1001703,1759916291806,1759915290103,-1,female,English,Yes|No|I am not sure,60b94f837bfda8b1977feef0,68e62d0e39d1115192b17ebc,68e625d20d644f9679c7d1c3,Is it possible that Bob draws a violin card from his deck?,No,25476
1982,NA,NA,NA,NA,NA,NA,NA,NA,78,I am 79 on 26 October,NA,NA,NA,,Graduated High-school,1001703,1759916291806,1759915290103,-1,female,English,Alice needs exactly 2 points to win.|Alice needs at least 1 point to win.,60b94f837bfda8b1977feef0,68e62d0e39d1115192b17ebc,68e625d20d644f9679c7d1c3,"In the previous question, what was the winning rule for Alice?",Alice needs at least 1 point to win.,11548
1982,NA,NA,NA,NA,NA,NA,NA,NA,78,I am 79 on 26 October,NA,NA,NA,,Graduated High-school,1001703,1759916291806,1759915290103,-1,female,English,Yes|No|I am not sure,60b94f837bfda8b1977feef0,68e62d0e39d1115192b17ebc,68e625d20d644f9679c7d1c3,Does Alice know how many guitar cards Bob has in his deck?,Yes,5308
1982,NA,NA,NA,NA,NA,NA,NA,NA,78,I am 79 on 26 October,NA,NA,NA,,Graduated High-school,1001703,1759916291806,1759915290103,NA,female,English,I drew the office worker card.|Bob drew the beer card.,60b94f837bfda8b1977feef0,68e62d0e39d1115192b17ebc,68e625d20d644f9679c7d1c3,I lost because ,Bob drew the beer card.,65180
1982,NA,NA,NA,NA,NA,NA,NA,NA,78,I am 79 on 26 October,NA,NA,NA,,Graduated High-school,1001703,1759916291806,1759915290103,NA,female,English,I drew the party card.|Bob drew the game card.,60b94f837bfda8b1977feef0,68e62d0e39d1115192b17ebc,68e625d20d644f9679c7d1c3,I lost because ,Bob drew the game card.,90899
1982,NA,NA,NA,NA,NA,NA,NA,NA,78,I am 79 on 26 October,NA,NA,NA,,Graduated High-school,1001703,1759916291806,1759915290103,NA,female,English,I drew the math card.|Bob drew the biology card.,60b94f837bfda8b1977feef0,68e62d0e39d1115192b17ebc,68e625d20d644f9679c7d1c3,I won because ,I drew the math card.,79297
1982,NA,NA,NA,NA,NA,NA,NA,NA,78,I am 79 on 26 October,NA,NA,NA,,Graduated High-school,1001703,1759916291806,1759915290103,NA,female,English,I drew the violin card.|Bob drew the guitar card.,60b94f837bfda8b1977feef0,68e62d0e39d1115192b17ebc,68e625d20d644f9679c7d1c3,I won because ,I drew the violin card.,30366
1982,more than 5,NA,NA,NA,more than 5,NA,NA,NA,78,I am 79 on 26 October,more,NA,NA,,Graduated High-school,1001703,1759916291806,1759915290103,NA,female,English,NA,60b94f837bfda8b1977feef0,68e62d0e39d1115192b17ebc,68e625d20d644f9679c7d1c3,NA,NA,108701
1982,NA,less than 5,NA,NA,NA,less than 5,NA,NA,78,I am 79 on 26 October,NA,fewer,NA,,Graduated High-school,1001703,1759916291806,1759915290103,NA,female,English,NA,60b94f837bfda8b1977feef0,68e62d0e39d1115192b17ebc,68e625d20d644f9679c7d1c3,NA,NA,106257
1982,NA,NA,NA,more than 5,NA,NA,NA,less than 5,78,I am 79 on 26 October,NA,NA,NA,,Graduated High-school,1001703,1759916291806,1759915290103,NA,female,English,NA,60b94f837bfda8b1977feef0,68e62d0e39d1115192b17ebc,68e625d20d644f9679c7d1c3,NA,NA,58920
1982,NA,NA,more than 5,NA,NA,NA,more than 5,NA,78,I am 79 on 26 October,NA,NA,more,,Graduated High-school,1001703,1759916291806,1759915290103,NA,female,English,NA,60b94f837bfda8b1977feef0,68e62d0e39d1115192b17ebc,68e625d20d644f9679c7d1c3,NA,NA,55661
1954,NA,NA,NA,NA,NA,NA,NA,NA,38,,NA,,,NA,Graduated College,1095207,1759493334149,1759492238942,-1,male,English,Yes|No|I am not sure,673f4f8fa5b4a47492e30aea,68dfb8641f9c1709651019c6,68dfb61386b52e823f7ae468,Is it possible that Bob draws a violin card from his deck?,No,107694
1954,NA,NA,NA,NA,NA,NA,NA,NA,38,,NA,,,NA,Graduated College,1095207,1759493334149,1759492238942,-1,male,English,Alice needs exactly 2 points to win.|Alice needs at least 1 point to win.,673f4f8fa5b4a47492e30aea,68dfb8641f9c1709651019c6,68dfb61386b52e823f7ae468,"In the previous question, what was the winning rule for Alice?",Alice needs at least 1 point to win.,3880
1954,NA,NA,NA,NA,NA,NA,NA,NA,38,,NA,,,NA,Graduated College,1095207,1759493334149,1759492238942,-1,male,English,Yes|No|I am not sure,673f4f8fa5b4a47492e30aea,68dfb8641f9c1709651019c6,68dfb61386b52e823f7ae468,Does Alice know how many guitar cards Bob has in his deck?,No,2811
1954,NA,NA,NA,NA,NA,NA,NA,NA,38,,NA,,,NA,Graduated College,1095207,1759493334149,1759492238942,NA,male,English,I drew the party card.|Bob drew the game card.,673f4f8fa5b4a47492e30aea,68dfb8641f9c1709651019c6,68dfb61386b52e823f7ae468,I lost because ,I drew the party card.,25676
1954,NA,NA,NA,NA,NA,NA,NA,NA,38,,NA,,,NA,Graduated College,1095207,1759493334149,1759492238942,NA,male,English,I drew the violin card.|Bob drew the guitar card.,673f4f8fa5b4a47492e30aea,68dfb8641f9c1709651019c6,68dfb61386b52e823f7ae468,I won because ,I drew the violin card.,19663
1954,NA,NA,NA,NA,NA,NA,NA,NA,38,,NA,,,NA,Graduated College,1095207,1759493334149,1759492238942,NA,male,English,I drew the office worker card.|Bob drew the beer card.,673f4f8fa5b4a47492e30aea,68dfb8641f9c1709651019c6,68dfb61386b52e823f7ae468,I lost because ,I drew the office worker card.,46542
1954,NA,NA,NA,NA,NA,NA,NA,NA,38,,NA,,,NA,Graduated College,1095207,1759493334149,1759492238942,NA,male,English,I drew the math card.|Bob drew the biology card.,673f4f8fa5b4a47492e30aea,68dfb8641f9c1709651019c6,68dfb61386b52e823f7ae468,I won because ,I drew the math card.,130133
1954,NA,NA,NA,more than 5,NA,NA,NA,more than 5,38,,NA,,,same number,Graduated College,1095207,1759493334149,1759492238942,NA,male,English,NA,673f4f8fa5b4a47492e30aea,68dfb8641f9c1709651019c6,68dfb61386b52e823f7ae468,NA,NA,217959
1954,more than 5,NA,NA,NA,more than 5,NA,NA,NA,38,,same number,,,NA,Graduated College,1095207,1759493334149,1759492238942,NA,male,English,NA,673f4f8fa5b4a47492e30aea,68dfb8641f9c1709651019c6,68dfb61386b52e823f7ae468,NA,NA,72889
1954,NA,less than 5,NA,NA,NA,more than 5,NA,NA,38,,NA,,,NA,Graduated College,1095207,1759493334149,1759492238942,NA,male,English,NA,673f4f8fa5b4a47492e30aea,68dfb8641f9c1709651019c6,68dfb61386b52e823f7ae468,NA,NA,8599
1954,NA,NA,more than 5,NA,NA,NA,less than 5,NA,38,,NA,,,NA,Graduated College,1095207,1759493334149,1759492238942,NA,male,English,NA,673f4f8fa5b4a47492e30aea,68dfb8641f9c1709651019c6,68dfb61386b52e823f7ae468,NA,NA,10736
