submission_id,ANorm_game,ANorm_instrument,ANorm_study,ANorm_superpower,BNorm_game,BNorm_instrument,BNorm_study,BNorm_superpower,age,comments,compare_game,compare_instrument,compare_study,compare_superpower,education,experiment_duration,experiment_end_time,experiment_start_time,feedbackTime,gender,languages,options,prolific_pid,prolific_session_id,prolific_study_id,question,response,responseTime
1983,NA,NA,NA,NA,NA,NA,NA,NA,61,,,,,,Higher degree,261713,1759919388416,1759919126703,-1,female,english,Yes|No|I am not sure,67c3321da0a96b0538b4abbe,68e63c0e53947362f7dc5b57,68e63a6c6787211aea34e2d8,Is it possible that Bob draws a violin card from his deck?,No,4750
1983,NA,NA,NA,NA,NA,NA,NA,NA,61,,,,,,Higher degree,261713,1759919388416,1759919126703,-1,female,english,Alice needs exactly 2 points to win.|Alice needs at least 1 point to win.,67c3321da0a96b0538b4abbe,68e63c0e53947362f7dc5b57,68e63a6c6787211aea34e2d8,"In the previous question, what was the winning rule for Alice?",Alice needs exactly 2 points to win.,3220
1983,NA,NA,NA,NA,NA,NA,NA,NA,61,,,,,,Higher degree,261713,1759919388416,1759919126703,-1,female,english,Yes|No|I am not sure,67c3321da0a96b0538b4abbe,68e63c0e53947362f7dc5b57,68e63a6c6787211aea34e2d8,"Here, can Alice win if she draws a saxophone card?",No,7773
1983,NA,NA,NA,NA,NA,NA,NA,NA,61,,,,,,Higher degree,261713,1759919388416,1759919126703,-1,female,english,Yes|No|I am not sure,67c3321da0a96b0538b4abbe,68e63c0e53947362f7dc5b57,68e63a6c6787211aea34e2d8,Does Alice know how many guitar cards Bob has in his deck?,No,4323
1983,NA,NA,NA,NA,NA,NA,NA,NA,61,,,,,,Higher degree,261713,1759919388416,1759919126703,NA,female,english,I drew the pill card.|Bob drew the bubble tea card.,67c3321da0a96b0538b4abbe,68e63c0e53947362f7dc5b57,68e63a6c6787211aea34e2d8,I won because ,I drew the pill card.,14497
1983,NA,NA,NA,NA,NA,NA,NA,NA,61,,,,,,Higher degree,261713,1759919388416,1759919126703,NA,female,english,I drew the Spider-Man card.|Bob drew the Joker card.,67c3321da0a96b0538b4abbe,68e63c0e53947362f7dc5b57,68e63a6c6787211aea34e2d8,I lost because ,Bob drew the Joker card.,14525
1983,NA,NA,NA,NA,NA,NA,NA,NA,61,,,,,,Higher degree,261713,1759919388416,1759919126703,NA,female,english,I drew the salad card.|Bob drew the lollipop card.,67c3321da0a96b0538b4abbe,68e63c0e53947362f7dc5b57,68e63a6c6787211aea34e2d8,I lost because ,Bob drew the lollipop card.,5622
1983,NA,NA,NA,NA,NA,NA,NA,NA,61,,,,,,Higher degree,261713,1759919388416,1759919126703,NA,female,english,I drew the red pill card.|Bob drew the eat card.,67c3321da0a96b0538b4abbe,68e63c0e53947362f7dc5b57,68e63a6c6787211aea34e2d8,I won because ,I drew the red pill card.,10126
1983,less than 5,NA,NA,NA,more than 5,NA,NA,NA,61,,,,,,Higher degree,261713,1759919388416,1759919126703,NA,female,english,NA,67c3321da0a96b0538b4abbe,68e63c0e53947362f7dc5b57,68e63a6c6787211aea34e2d8,NA,NA,24806
1983,NA,NA,NA,more than 5,NA,NA,NA,less than 5,61,,,,,,Higher degree,261713,1759919388416,1759919126703,NA,female,english,NA,67c3321da0a96b0538b4abbe,68e63c0e53947362f7dc5b57,68e63a6c6787211aea34e2d8,NA,NA,17571
1983,NA,NA,less than 5,NA,NA,NA,more than 5,NA,61,,,,,,Higher degree,261713,1759919388416,1759919126703,NA,female,english,NA,67c3321da0a96b0538b4abbe,68e63c0e53947362f7dc5b57,68e63a6c6787211aea34e2d8,NA,NA,13960
1983,NA,more than 5,NA,NA,NA,less than 5,NA,NA,61,,,,,,Higher degree,261713,1759919388416,1759919126703,NA,female,english,NA,67c3321da0a96b0538b4abbe,68e63c0e53947362f7dc5b57,68e63a6c6787211aea34e2d8,NA,NA,10778
1984,NA,NA,NA,NA,NA,NA,NA,NA,47,,NA,,,,Higher degree,269178,1759919453388,1759919184210,-1,male,English,Yes|No|I am not sure,678f621c69647fceb87676a1,68e63c42228751a3974e663c,68e63a6c6787211aea34e2d8,Is it possible that Bob draws a violin card from his deck?,No,5311
1984,NA,NA,NA,NA,NA,NA,NA,NA,47,,NA,,,,Higher degree,269178,1759919453388,1759919184210,-1,male,English,Alice needs exactly 2 points to win.|Alice needs at least 1 point to win.,678f621c69647fceb87676a1,68e63c42228751a3974e663c,68e63a6c6787211aea34e2d8,"In the previous question, what was the winning rule for Alice?",Alice needs exactly 2 points to win.,3151
1984,NA,NA,NA,NA,NA,NA,NA,NA,47,,NA,,,,Higher degree,269178,1759919453388,1759919184210,-1,male,English,Yes|No|I am not sure,678f621c69647fceb87676a1,68e63c42228751a3974e663c,68e63a6c6787211aea34e2d8,"Here, can Alice win if she draws a saxophone card?",No,5692
1984,NA,NA,NA,NA,NA,NA,NA,NA,47,,NA,,,,Higher degree,269178,1759919453388,1759919184210,-1,male,English,Yes|No|I am not sure,678f621c69647fceb87676a1,68e63c42228751a3974e663c,68e63a6c6787211aea34e2d8,Does Alice know how many guitar cards Bob has in his deck?,Yes,4397
1984,NA,NA,NA,NA,NA,NA,NA,NA,47,,NA,,,,Higher degree,269178,1759919453388,1759919184210,NA,male,English,I drew the Spider-Man card.|Bob drew the Joker card.,678f621c69647fceb87676a1,68e63c42228751a3974e663c,68e63a6c6787211aea34e2d8,I lost because ,I drew the Spider-Man card.,21264
1984,NA,NA,NA,NA,NA,NA,NA,NA,47,,NA,,,,Higher degree,269178,1759919453388,1759919184210,NA,male,English,I drew the red pill card.|Bob drew the eat card.,678f621c69647fceb87676a1,68e63c42228751a3974e663c,68e63a6c6787211aea34e2d8,I won because ,I drew the red pill card.,9024
1984,NA,NA,NA,NA,NA,NA,NA,NA,47,,NA,,,,Higher degree,269178,1759919453388,1759919184210,NA,male,English,I drew the salad card.|Bob drew the lollipop card.,678f621c69647fceb87676a1,68e63c42228751a3974e663c,68e63a6c6787211aea34e2d8,I lost because ,I drew the salad card.,14282
1984,NA,NA,NA,NA,NA,NA,NA,NA,47,,NA,,,,Higher degree,269178,1759919453388,1759919184210,NA,male,English,I drew the pill card.|Bob drew the bubble tea card.,678f621c69647fceb87676a1,68e63c42228751a3974e663c,68e63a6c6787211aea34e2d8,I won because ,Bob drew the bubble tea card.,11700
1984,NA,less than 5,NA,NA,NA,more than 5,NA,NA,47,,NA,,,,Higher degree,269178,1759919453388,1759919184210,NA,male,English,NA,678f621c69647fceb87676a1,68e63c42228751a3974e663c,68e63a6c6787211aea34e2d8,NA,NA,19540
1984,NA,NA,less than 5,NA,NA,NA,more than 5,NA,47,,NA,,,,Higher degree,269178,1759919453388,1759919184210,NA,male,English,NA,678f621c69647fceb87676a1,68e63c42228751a3974e663c,68e63a6c6787211aea34e2d8,NA,NA,29486
1984,less than 5,NA,NA,NA,less than 5,NA,NA,NA,47,,fewer,,,,Higher degree,269178,1759919453388,1759919184210,NA,male,English,NA,678f621c69647fceb87676a1,68e63c42228751a3974e663c,68e63a6c6787211aea34e2d8,NA,NA,26155
1984,NA,NA,NA,more than 5,NA,NA,NA,less than 5,47,,NA,,,,Higher degree,269178,1759919453388,1759919184210,NA,male,English,NA,678f621c69647fceb87676a1,68e63c42228751a3974e663c,68e63a6c6787211aea34e2d8,NA,NA,11242
1985,NA,NA,NA,NA,NA,NA,NA,NA,38,No further comments.,,,,,Graduated High-school,358054,1759919496591,1759919138537,-1,female,English,Yes|No|I am not sure,5eb12f8510e0ce205e7b25c7,68e63c10210060646f870e56,68e63a6c6787211aea34e2d8,Is it possible that Bob draws a violin card from his deck?,No,6675
1985,NA,NA,NA,NA,NA,NA,NA,NA,38,No further comments.,,,,,Graduated High-school,358054,1759919496591,1759919138537,-1,female,English,Alice needs exactly 2 points to win.|Alice needs at least 1 point to win.,5eb12f8510e0ce205e7b25c7,68e63c10210060646f870e56,68e63a6c6787211aea34e2d8,"In the previous question, what was the winning rule for Alice?",Alice needs exactly 2 points to win.,3912
1985,NA,NA,NA,NA,NA,NA,NA,NA,38,No further comments.,,,,,Graduated High-school,358054,1759919496591,1759919138537,-1,female,English,Yes|No|I am not sure,5eb12f8510e0ce205e7b25c7,68e63c10210060646f870e56,68e63a6c6787211aea34e2d8,"Here, can Alice win if she draws a saxophone card?",No,9875
1985,NA,NA,NA,NA,NA,NA,NA,NA,38,No further comments.,,,,,Graduated High-school,358054,1759919496591,1759919138537,-1,female,English,Yes|No|I am not sure,5eb12f8510e0ce205e7b25c7,68e63c10210060646f870e56,68e63a6c6787211aea34e2d8,Does Alice know how many guitar cards Bob has in his deck?,I am not sure,8115
1985,NA,NA,NA,NA,NA,NA,NA,NA,38,No further comments.,,,,,Graduated High-school,358054,1759919496591,1759919138537,NA,female,English,I drew the salad card.|Bob drew the lollipop card.,5eb12f8510e0ce205e7b25c7,68e63c10210060646f870e56,68e63a6c6787211aea34e2d8,I lost because ,I drew the salad card.,38596
1985,NA,NA,NA,NA,NA,NA,NA,NA,38,No further comments.,,,,,Graduated High-school,358054,1759919496591,1759919138537,NA,female,English,I drew the Spider-Man card.|Bob drew the Joker card.,5eb12f8510e0ce205e7b25c7,68e63c10210060646f870e56,68e63a6c6787211aea34e2d8,I lost because ,I drew the Spider-Man card.,19750
1985,NA,NA,NA,NA,NA,NA,NA,NA,38,No further comments.,,,,,Graduated High-school,358054,1759919496591,1759919138537,NA,female,English,I drew the red pill card.|Bob drew the eat card.,5eb12f8510e0ce205e7b25c7,68e63c10210060646f870e56,68e63a6c6787211aea34e2d8,I won because ,Bob drew the eat card.,21944
1985,NA,NA,NA,NA,NA,NA,NA,NA,38,No further comments.,,,,,Graduated High-school,358054,1759919496591,1759919138537,NA,female,English,I drew the pill card.|Bob drew the bubble tea card.,5eb12f8510e0ce205e7b25c7,68e63c10210060646f870e56,68e63a6c6787211aea34e2d8,I won because ,Bob drew the bubble tea card.,12636
1985,NA,less than 5,NA,NA,NA,more than 5,NA,NA,38,No further comments.,,,,,Graduated High-school,358054,1759919496591,1759919138537,NA,female,English,NA,5eb12f8510e0ce205e7b25c7,68e63c10210060646f870e56,68e63a6c6787211aea34e2d8,NA,NA,20372
1985,5,NA,NA,NA,less than 5,NA,NA,NA,38,No further comments.,,,,,Graduated High-school,358054,1759919496591,1759919138537,NA,female,English,NA,5eb12f8510e0ce205e7b25c7,68e63c10210060646f870e56,68e63a6c6787211aea34e2d8,NA,NA,41967
1985,NA,NA,less than 5,NA,NA,NA,5,NA,38,No further comments.,,,,,Graduated High-school,358054,1759919496591,1759919138537,NA,female,English,NA,5eb12f8510e0ce205e7b25c7,68e63c10210060646f870e56,68e63a6c6787211aea34e2d8,NA,NA,21912
1985,NA,NA,NA,more than 5,NA,NA,NA,less than 5,38,No further comments.,,,,,Graduated High-school,358054,1759919496591,1759919138537,NA,female,English,NA,5eb12f8510e0ce205e7b25c7,68e63c10210060646f870e56,68e63a6c6787211aea34e2d8,NA,NA,14136
1986,NA,NA,NA,NA,NA,NA,NA,NA,44,i fount this quite confusing admittedly,,,NA,,Did not graduate High-school,390835,1759919522683,1759919131848,-1,female,English,Yes|No|I am not sure,5997043dbbe84800017964a7,68e63c0c57100c21efac2156,68e63a6c6787211aea34e2d8,Is it possible that Bob draws a violin card from his deck?,Yes,19859
1986,NA,NA,NA,NA,NA,NA,NA,NA,44,i fount this quite confusing admittedly,,,NA,,Did not graduate High-school,390835,1759919522683,1759919131848,-1,female,English,Alice needs exactly 2 points to win.|Alice needs at least 1 point to win.,5997043dbbe84800017964a7,68e63c0c57100c21efac2156,68e63a6c6787211aea34e2d8,"In the previous question, what was the winning rule for Alice?",Alice needs exactly 2 points to win.,6586
1986,NA,NA,NA,NA,NA,NA,NA,NA,44,i fount this quite confusing admittedly,,,NA,,Did not graduate High-school,390835,1759919522683,1759919131848,-1,female,English,Yes|No|I am not sure,5997043dbbe84800017964a7,68e63c0c57100c21efac2156,68e63a6c6787211aea34e2d8,"Here, can Alice win if she draws a saxophone card?",Yes,7637
1986,NA,NA,NA,NA,NA,NA,NA,NA,44,i fount this quite confusing admittedly,,,NA,,Did not graduate High-school,390835,1759919522683,1759919131848,-1,female,English,Yes|No|I am not sure,5997043dbbe84800017964a7,68e63c0c57100c21efac2156,68e63a6c6787211aea34e2d8,Does Alice know how many guitar cards Bob has in his deck?,No,4684
1986,NA,NA,NA,NA,NA,NA,NA,NA,44,i fount this quite confusing admittedly,,,NA,,Did not graduate High-school,390835,1759919522683,1759919131848,NA,female,English,I drew the Spider-Man card.|Bob drew the Joker card.,5997043dbbe84800017964a7,68e63c0c57100c21efac2156,68e63a6c6787211aea34e2d8,I lost because ,Bob drew the Joker card.,35432
1986,NA,NA,NA,NA,NA,NA,NA,NA,44,i fount this quite confusing admittedly,,,NA,,Did not graduate High-school,390835,1759919522683,1759919131848,NA,female,English,I drew the salad card.|Bob drew the lollipop card.,5997043dbbe84800017964a7,68e63c0c57100c21efac2156,68e63a6c6787211aea34e2d8,I lost because ,I drew the salad card.,16180
1986,NA,NA,NA,NA,NA,NA,NA,NA,44,i fount this quite confusing admittedly,,,NA,,Did not graduate High-school,390835,1759919522683,1759919131848,NA,female,English,I drew the red pill card.|Bob drew the eat card.,5997043dbbe84800017964a7,68e63c0c57100c21efac2156,68e63a6c6787211aea34e2d8,I won because ,I drew the red pill card.,10269
1986,NA,NA,NA,NA,NA,NA,NA,NA,44,i fount this quite confusing admittedly,,,NA,,Did not graduate High-school,390835,1759919522683,1759919131848,NA,female,English,I drew the pill card.|Bob drew the bubble tea card.,5997043dbbe84800017964a7,68e63c0c57100c21efac2156,68e63a6c6787211aea34e2d8,I won because ,I drew the pill card.,10063
1986,NA,more than 5,NA,NA,NA,less than 5,NA,NA,44,i fount this quite confusing admittedly,,,NA,,Did not graduate High-school,390835,1759919522683,1759919131848,NA,female,English,NA,5997043dbbe84800017964a7,68e63c0c57100c21efac2156,68e63a6c6787211aea34e2d8,NA,NA,41147
1986,NA,NA,less than 5,NA,NA,NA,less than 5,NA,44,i fount this quite confusing admittedly,,,same number,,Did not graduate High-school,390835,1759919522683,1759919131848,NA,female,English,NA,5997043dbbe84800017964a7,68e63c0c57100c21efac2156,68e63a6c6787211aea34e2d8,NA,NA,35190
1986,less than 5,NA,NA,NA,more than 5,NA,NA,NA,44,i fount this quite confusing admittedly,,,NA,,Did not graduate High-school,390835,1759919522683,1759919131848,NA,female,English,NA,5997043dbbe84800017964a7,68e63c0c57100c21efac2156,68e63a6c6787211aea34e2d8,NA,NA,48946
1986,NA,NA,NA,less than 5,NA,NA,NA,5,44,i fount this quite confusing admittedly,,,NA,,Did not graduate High-school,390835,1759919522683,1759919131848,NA,female,English,NA,5997043dbbe84800017964a7,68e63c0c57100c21efac2156,68e63a6c6787211aea34e2d8,NA,NA,17861
1987,NA,NA,NA,NA,NA,NA,NA,NA,22,,,,,,Graduated College,395231,1759919533618,1759919138387,-1,female,english,Yes|No|I am not sure,6658b2d717b161dc426bd193,68e63c10c15bc53c01f0e51c,68e63a6c6787211aea34e2d8,Is it possible that Bob draws a violin card from his deck?,No,13478
1987,NA,NA,NA,NA,NA,NA,NA,NA,22,,,,,,Graduated College,395231,1759919533618,1759919138387,-1,female,english,Alice needs exactly 2 points to win.|Alice needs at least 1 point to win.,6658b2d717b161dc426bd193,68e63c10c15bc53c01f0e51c,68e63a6c6787211aea34e2d8,"In the previous question, what was the winning rule for Alice?",Alice needs exactly 2 points to win.,3674
1987,NA,NA,NA,NA,NA,NA,NA,NA,22,,,,,,Graduated College,395231,1759919533618,1759919138387,-1,female,english,Yes|No|I am not sure,6658b2d717b161dc426bd193,68e63c10c15bc53c01f0e51c,68e63a6c6787211aea34e2d8,"Here, can Alice win if she draws a saxophone card?",I am not sure,8083
1987,NA,NA,NA,NA,NA,NA,NA,NA,22,,,,,,Graduated College,395231,1759919533618,1759919138387,-1,female,english,Yes|No|I am not sure,6658b2d717b161dc426bd193,68e63c10c15bc53c01f0e51c,68e63a6c6787211aea34e2d8,Does Alice know how many guitar cards Bob has in his deck?,Yes,3491
1987,NA,NA,NA,NA,NA,NA,NA,NA,22,,,,,,Graduated College,395231,1759919533618,1759919138387,NA,female,english,I drew the Spider-Man card.|Bob drew the Joker card.,6658b2d717b161dc426bd193,68e63c10c15bc53c01f0e51c,68e63a6c6787211aea34e2d8,I lost because ,Bob drew the Joker card.,44382
1987,NA,NA,NA,NA,NA,NA,NA,NA,22,,,,,,Graduated College,395231,1759919533618,1759919138387,NA,female,english,I drew the red pill card.|Bob drew the eat card.,6658b2d717b161dc426bd193,68e63c10c15bc53c01f0e51c,68e63a6c6787211aea34e2d8,I won because ,I drew the red pill card.,17189
1987,NA,NA,NA,NA,NA,NA,NA,NA,22,,,,,,Graduated College,395231,1759919533618,1759919138387,NA,female,english,I drew the pill card.|Bob drew the bubble tea card.,6658b2d717b161dc426bd193,68e63c10c15bc53c01f0e51c,68e63a6c6787211aea34e2d8,I won because ,Bob drew the bubble tea card.,18505
1987,NA,NA,NA,NA,NA,NA,NA,NA,22,,,,,,Graduated College,395231,1759919533618,1759919138387,NA,female,english,I drew the salad card.|Bob drew the lollipop card.,6658b2d717b161dc426bd193,68e63c10c15bc53c01f0e51c,68e63a6c6787211aea34e2d8,I lost because ,Bob drew the lollipop card.,13666
1987,less than 5,NA,NA,NA,more than 5,NA,NA,NA,22,,,,,,Graduated College,395231,1759919533618,1759919138387,NA,female,english,NA,6658b2d717b161dc426bd193,68e63c10c15bc53c01f0e51c,68e63a6c6787211aea34e2d8,NA,NA,55769
1987,NA,NA,less than 5,NA,NA,NA,more than 5,NA,22,,,,,,Graduated College,395231,1759919533618,1759919138387,NA,female,english,NA,6658b2d717b161dc426bd193,68e63c10c15bc53c01f0e51c,68e63a6c6787211aea34e2d8,NA,NA,29866
1987,NA,more than 5,NA,NA,NA,less than 5,NA,NA,22,,,,,,Graduated College,395231,1759919533618,1759919138387,NA,female,english,NA,6658b2d717b161dc426bd193,68e63c10c15bc53c01f0e51c,68e63a6c6787211aea34e2d8,NA,NA,15459
1987,NA,NA,NA,more than 5,NA,NA,NA,less than 5,22,,,,,,Graduated College,395231,1759919533618,1759919138387,NA,female,english,NA,6658b2d717b161dc426bd193,68e63c10c15bc53c01f0e51c,68e63a6c6787211aea34e2d8,NA,NA,12316
1989,NA,NA,NA,NA,NA,NA,NA,NA,62,,,NA,NA,NA,Higher degree,385196,1759919539896,1759919154700,-1,female,,Yes|No|I am not sure,63b84157bb3eb77c442413e8,68e63c2af6e468c0f3b804aa,68e63a6c6787211aea34e2d8,Is it possible that Bob draws a violin card from his deck?,No,7646
1989,NA,NA,NA,NA,NA,NA,NA,NA,62,,,NA,NA,NA,Higher degree,385196,1759919539896,1759919154700,-1,female,,Alice needs exactly 2 points to win.|Alice needs at least 1 point to win.,63b84157bb3eb77c442413e8,68e63c2af6e468c0f3b804aa,68e63a6c6787211aea34e2d8,"In the previous question, what was the winning rule for Alice?",Alice needs exactly 2 points to win.,3392
1989,NA,NA,NA,NA,NA,NA,NA,NA,62,,,NA,NA,NA,Higher degree,385196,1759919539896,1759919154700,-1,female,,Yes|No|I am not sure,63b84157bb3eb77c442413e8,68e63c2af6e468c0f3b804aa,68e63a6c6787211aea34e2d8,"Here, can Alice win if she draws a saxophone card?",No,7635
1989,NA,NA,NA,NA,NA,NA,NA,NA,62,,,NA,NA,NA,Higher degree,385196,1759919539896,1759919154700,-1,female,,Yes|No|I am not sure,63b84157bb3eb77c442413e8,68e63c2af6e468c0f3b804aa,68e63a6c6787211aea34e2d8,Does Alice know how many guitar cards Bob has in his deck?,No,6067
1989,NA,NA,NA,NA,NA,NA,NA,NA,62,,,NA,NA,NA,Higher degree,385196,1759919539896,1759919154700,NA,female,,I drew the Spider-Man card.|Bob drew the Joker card.,63b84157bb3eb77c442413e8,68e63c2af6e468c0f3b804aa,68e63a6c6787211aea34e2d8,I lost because ,I drew the Spider-Man card.,42140
1989,NA,NA,NA,NA,NA,NA,NA,NA,62,,,NA,NA,NA,Higher degree,385196,1759919539896,1759919154700,NA,female,,I drew the salad card.|Bob drew the lollipop card.,63b84157bb3eb77c442413e8,68e63c2af6e468c0f3b804aa,68e63a6c6787211aea34e2d8,I lost because ,Bob drew the lollipop card.,24591
1989,NA,NA,NA,NA,NA,NA,NA,NA,62,,,NA,NA,NA,Higher degree,385196,1759919539896,1759919154700,NA,female,,I drew the red pill card.|Bob drew the eat card.,63b84157bb3eb77c442413e8,68e63c2af6e468c0f3b804aa,68e63a6c6787211aea34e2d8,I won because ,Bob drew the eat card.,13572
1989,NA,NA,NA,NA,NA,NA,NA,NA,62,,,NA,NA,NA,Higher degree,385196,1759919539896,1759919154700,NA,female,,I drew the pill card.|Bob drew the bubble tea card.,63b84157bb3eb77c442413e8,68e63c2af6e468c0f3b804aa,68e63a6c6787211aea34e2d8,I won because ,Bob drew the bubble tea card.,15568
1989,less than 5,NA,NA,NA,more than 5,NA,NA,NA,62,,,NA,NA,NA,Higher degree,385196,1759919539896,1759919154700,NA,female,,NA,63b84157bb3eb77c442413e8,68e63c2af6e468c0f3b804aa,68e63a6c6787211aea34e2d8,NA,NA,57491
1989,NA,more than 5,NA,NA,NA,more than 5,NA,NA,62,,,fewer,NA,NA,Higher degree,385196,1759919539896,1759919154700,NA,female,,NA,63b84157bb3eb77c442413e8,68e63c2af6e468c0f3b804aa,68e63a6c6787211aea34e2d8,NA,NA,26471
1989,NA,NA,NA,more than 5,NA,NA,NA,more than 5,62,,,NA,NA,fewer,Higher degree,385196,1759919539896,1759919154700,NA,female,,NA,63b84157bb3eb77c442413e8,68e63c2af6e468c0f3b804aa,68e63a6c6787211aea34e2d8,NA,NA,19824
1989,NA,NA,more than 5,NA,NA,NA,more than 5,NA,62,,,NA,more,NA,Higher degree,385196,1759919539896,1759919154700,NA,female,,NA,63b84157bb3eb77c442413e8,68e63c2af6e468c0f3b804aa,68e63a6c6787211aea34e2d8,NA,NA,35573
1988,NA,NA,NA,NA,NA,NA,NA,NA,52,,,NA,NA,,Graduated High-school,381114,1759919537268,1759919156154,-1,male,English,Yes|No|I am not sure,5ccf41c9bd0d3e001593ce92,68e63c2bb1787087ad034404,68e63a6c6787211aea34e2d8,Is it possible that Bob draws a violin card from his deck?,No,6466
1988,NA,NA,NA,NA,NA,NA,NA,NA,52,,,NA,NA,,Graduated High-school,381114,1759919537268,1759919156154,-1,male,English,Alice needs exactly 2 points to win.|Alice needs at least 1 point to win.,5ccf41c9bd0d3e001593ce92,68e63c2bb1787087ad034404,68e63a6c6787211aea34e2d8,"In the previous question, what was the winning rule for Alice?",Alice needs exactly 2 points to win.,4588
1988,NA,NA,NA,NA,NA,NA,NA,NA,52,,,NA,NA,,Graduated High-school,381114,1759919537268,1759919156154,-1,male,English,Yes|No|I am not sure,5ccf41c9bd0d3e001593ce92,68e63c2bb1787087ad034404,68e63a6c6787211aea34e2d8,"Here, can Alice win if she draws a saxophone card?",I am not sure,10333
1988,NA,NA,NA,NA,NA,NA,NA,NA,52,,,NA,NA,,Graduated High-school,381114,1759919537268,1759919156154,-1,male,English,Yes|No|I am not sure,5ccf41c9bd0d3e001593ce92,68e63c2bb1787087ad034404,68e63a6c6787211aea34e2d8,Does Alice know how many guitar cards Bob has in his deck?,Yes,3211
1988,NA,NA,NA,NA,NA,NA,NA,NA,52,,,NA,NA,,Graduated High-school,381114,1759919537268,1759919156154,NA,male,English,I drew the Spider-Man card.|Bob drew the Joker card.,5ccf41c9bd0d3e001593ce92,68e63c2bb1787087ad034404,68e63a6c6787211aea34e2d8,I lost because ,I drew the Spider-Man card.,23574
1988,NA,NA,NA,NA,NA,NA,NA,NA,52,,,NA,NA,,Graduated High-school,381114,1759919537268,1759919156154,NA,male,English,I drew the pill card.|Bob drew the bubble tea card.,5ccf41c9bd0d3e001593ce92,68e63c2bb1787087ad034404,68e63a6c6787211aea34e2d8,I won because ,I drew the pill card.,16420
1988,NA,NA,NA,NA,NA,NA,NA,NA,52,,,NA,NA,,Graduated High-school,381114,1759919537268,1759919156154,NA,male,English,I drew the red pill card.|Bob drew the eat card.,5ccf41c9bd0d3e001593ce92,68e63c2bb1787087ad034404,68e63a6c6787211aea34e2d8,I won because ,I drew the red pill card.,11934
1988,NA,NA,NA,NA,NA,NA,NA,NA,52,,,NA,NA,,Graduated High-school,381114,1759919537268,1759919156154,NA,male,English,I drew the salad card.|Bob drew the lollipop card.,5ccf41c9bd0d3e001593ce92,68e63c2bb1787087ad034404,68e63a6c6787211aea34e2d8,I lost because ,I drew the salad card.,10944
1988,NA,more than 5,NA,NA,NA,more than 5,NA,NA,52,,,same number,NA,,Graduated High-school,381114,1759919537268,1759919156154,NA,male,English,NA,5ccf41c9bd0d3e001593ce92,68e63c2bb1787087ad034404,68e63a6c6787211aea34e2d8,NA,NA,41900
1988,less than 5,NA,NA,NA,more than 5,NA,NA,NA,52,,,NA,NA,,Graduated High-school,381114,1759919537268,1759919156154,NA,male,English,NA,5ccf41c9bd0d3e001593ce92,68e63c2bb1787087ad034404,68e63a6c6787211aea34e2d8,NA,NA,32808
1988,NA,NA,NA,less than 5,NA,NA,NA,more than 5,52,,,NA,NA,,Graduated High-school,381114,1759919537268,1759919156154,NA,male,English,NA,5ccf41c9bd0d3e001593ce92,68e63c2bb1787087ad034404,68e63a6c6787211aea34e2d8,NA,NA,14426
1988,NA,NA,more than 5,NA,NA,NA,more than 5,NA,52,,,NA,more,,Graduated High-school,381114,1759919537268,1759919156154,NA,male,English,NA,5ccf41c9bd0d3e001593ce92,68e63c2bb1787087ad034404,68e63a6c6787211aea34e2d8,NA,NA,50660
1990,NA,NA,NA,NA,NA,NA,NA,NA,22,An interesting study,NA,NA,NA,NA,Higher degree,310846,1759919391373,1759919080527,-1,male,English,Yes|No|I am not sure,67503701c4ef8958767a58d9,68e63c8bb0ec1f5090ce61d9,68e63a6c6787211aea34e2d8,Is it possible that Bob draws a violin card from his deck?,Yes,19387
1990,NA,NA,NA,NA,NA,NA,NA,NA,22,An interesting study,NA,NA,NA,NA,Higher degree,310846,1759919391373,1759919080527,-1,male,English,Alice needs exactly 2 points to win.|Alice needs at least 1 point to win.,67503701c4ef8958767a58d9,68e63c8bb0ec1f5090ce61d9,68e63a6c6787211aea34e2d8,"In the previous question, what was the winning rule for Alice?",Alice needs at least 1 point to win.,8727
1990,NA,NA,NA,NA,NA,NA,NA,NA,22,An interesting study,NA,NA,NA,NA,Higher degree,310846,1759919391373,1759919080527,-1,male,English,Yes|No|I am not sure,67503701c4ef8958767a58d9,68e63c8bb0ec1f5090ce61d9,68e63a6c6787211aea34e2d8,"Here, can Alice win if she draws a saxophone card?",No,2182
1990,NA,NA,NA,NA,NA,NA,NA,NA,22,An interesting study,NA,NA,NA,NA,Higher degree,310846,1759919391373,1759919080527,-1,male,English,Yes|No|I am not sure,67503701c4ef8958767a58d9,68e63c8bb0ec1f5090ce61d9,68e63a6c6787211aea34e2d8,Does Alice know how many guitar cards Bob has in his deck?,No,4787
1990,NA,NA,NA,NA,NA,NA,NA,NA,22,An interesting study,NA,NA,NA,NA,Higher degree,310846,1759919391373,1759919080527,NA,male,English,I drew the red pill card.|Bob drew the eat card.,67503701c4ef8958767a58d9,68e63c8bb0ec1f5090ce61d9,68e63a6c6787211aea34e2d8,I won because ,Bob drew the eat card.,5127
1990,NA,NA,NA,NA,NA,NA,NA,NA,22,An interesting study,NA,NA,NA,NA,Higher degree,310846,1759919391373,1759919080527,NA,male,English,I drew the Spider-Man card.|Bob drew the Joker card.,67503701c4ef8958767a58d9,68e63c8bb0ec1f5090ce61d9,68e63a6c6787211aea34e2d8,I lost because ,I drew the Spider-Man card.,3510
1990,NA,NA,NA,NA,NA,NA,NA,NA,22,An interesting study,NA,NA,NA,NA,Higher degree,310846,1759919391373,1759919080527,NA,male,English,I drew the salad card.|Bob drew the lollipop card.,67503701c4ef8958767a58d9,68e63c8bb0ec1f5090ce61d9,68e63a6c6787211aea34e2d8,I lost because ,I drew the salad card.,5637
1990,NA,NA,NA,NA,NA,NA,NA,NA,22,An interesting study,NA,NA,NA,NA,Higher degree,310846,1759919391373,1759919080527,NA,male,English,I drew the pill card.|Bob drew the bubble tea card.,67503701c4ef8958767a58d9,68e63c8bb0ec1f5090ce61d9,68e63a6c6787211aea34e2d8,I won because ,Bob drew the bubble tea card.,6771
1990,NA,NA,NA,less than 5,NA,NA,NA,less than 5,22,An interesting study,NA,NA,NA,same number,Higher degree,310846,1759919391373,1759919080527,NA,male,English,NA,67503701c4ef8958767a58d9,68e63c8bb0ec1f5090ce61d9,68e63a6c6787211aea34e2d8,NA,NA,50391
1990,NA,less than 5,NA,NA,NA,less than 5,NA,NA,22,An interesting study,NA,same number,NA,NA,Higher degree,310846,1759919391373,1759919080527,NA,male,English,NA,67503701c4ef8958767a58d9,68e63c8bb0ec1f5090ce61d9,68e63a6c6787211aea34e2d8,NA,NA,15233
1990,NA,NA,less than 5,NA,NA,NA,less than 5,NA,22,An interesting study,NA,NA,same number,NA,Higher degree,310846,1759919391373,1759919080527,NA,male,English,NA,67503701c4ef8958767a58d9,68e63c8bb0ec1f5090ce61d9,68e63a6c6787211aea34e2d8,NA,NA,9288
1990,less than 5,NA,NA,NA,less than 5,NA,NA,NA,22,An interesting study,fewer,NA,NA,NA,Higher degree,310846,1759919391373,1759919080527,NA,male,English,NA,67503701c4ef8958767a58d9,68e63c8bb0ec1f5090ce61d9,68e63a6c6787211aea34e2d8,NA,NA,15023
1994,NA,NA,NA,NA,NA,NA,NA,NA,33,,,,,,Higher degree,302808,1759919634231,1759919331423,-1,male,English,Yes|No|I am not sure,60ff1f78061fc7decaf31f11,68e63c3fce28bc6cc8150774,68e63a6c6787211aea34e2d8,Is it possible that Bob draws a violin card from his deck?,No,9504
1994,NA,NA,NA,NA,NA,NA,NA,NA,33,,,,,,Higher degree,302808,1759919634231,1759919331423,-1,male,English,Alice needs exactly 2 points to win.|Alice needs at least 1 point to win.,60ff1f78061fc7decaf31f11,68e63c3fce28bc6cc8150774,68e63a6c6787211aea34e2d8,"In the previous question, what was the winning rule for Alice?",Alice needs exactly 2 points to win.,4330
1994,NA,NA,NA,NA,NA,NA,NA,NA,33,,,,,,Higher degree,302808,1759919634231,1759919331423,-1,male,English,Yes|No|I am not sure,60ff1f78061fc7decaf31f11,68e63c3fce28bc6cc8150774,68e63a6c6787211aea34e2d8,"Here, can Alice win if she draws a saxophone card?",Yes,13399
1994,NA,NA,NA,NA,NA,NA,NA,NA,33,,,,,,Higher degree,302808,1759919634231,1759919331423,-1,male,English,Yes|No|I am not sure,60ff1f78061fc7decaf31f11,68e63c3fce28bc6cc8150774,68e63a6c6787211aea34e2d8,Does Alice know how many guitar cards Bob has in his deck?,No,6219
1994,NA,NA,NA,NA,NA,NA,NA,NA,33,,,,,,Higher degree,302808,1759919634231,1759919331423,NA,male,English,I drew the salad card.|Bob drew the lollipop card.,60ff1f78061fc7decaf31f11,68e63c3fce28bc6cc8150774,68e63a6c6787211aea34e2d8,I lost because ,I drew the salad card.,28326
1994,NA,NA,NA,NA,NA,NA,NA,NA,33,,,,,,Higher degree,302808,1759919634231,1759919331423,NA,male,English,I drew the Spider-Man card.|Bob drew the Joker card.,60ff1f78061fc7decaf31f11,68e63c3fce28bc6cc8150774,68e63a6c6787211aea34e2d8,I lost because ,I drew the Spider-Man card.,7934
1994,NA,NA,NA,NA,NA,NA,NA,NA,33,,,,,,Higher degree,302808,1759919634231,1759919331423,NA,male,English,I drew the pill card.|Bob drew the bubble tea card.,60ff1f78061fc7decaf31f11,68e63c3fce28bc6cc8150774,68e63a6c6787211aea34e2d8,I won because ,I drew the pill card.,7639
1994,NA,NA,NA,NA,NA,NA,NA,NA,33,,,,,,Higher degree,302808,1759919634231,1759919331423,NA,male,English,I drew the red pill card.|Bob drew the eat card.,60ff1f78061fc7decaf31f11,68e63c3fce28bc6cc8150774,68e63a6c6787211aea34e2d8,I won because ,I drew the red pill card.,7630
1994,less than 5,NA,NA,NA,5,NA,NA,NA,33,,,,,,Higher degree,302808,1759919634231,1759919331423,NA,male,English,NA,60ff1f78061fc7decaf31f11,68e63c3fce28bc6cc8150774,68e63a6c6787211aea34e2d8,NA,NA,41500
1994,NA,NA,less than 5,NA,NA,NA,5,NA,33,,,,,,Higher degree,302808,1759919634231,1759919331423,NA,male,English,NA,60ff1f78061fc7decaf31f11,68e63c3fce28bc6cc8150774,68e63a6c6787211aea34e2d8,NA,NA,13041
1994,NA,NA,NA,more than 5,NA,NA,NA,5,33,,,,,,Higher degree,302808,1759919634231,1759919331423,NA,male,English,NA,60ff1f78061fc7decaf31f11,68e63c3fce28bc6cc8150774,68e63a6c6787211aea34e2d8,NA,NA,13614
1994,NA,more than 5,NA,NA,NA,5,NA,NA,33,,,,,,Higher degree,302808,1759919634231,1759919331423,NA,male,English,NA,60ff1f78061fc7decaf31f11,68e63c3fce28bc6cc8150774,68e63a6c6787211aea34e2d8,NA,NA,16980
1991,NA,NA,NA,NA,NA,NA,NA,NA,61,,,NA,NA,NA,Graduated High-school,370639,1759919621182,1759919250543,-1,male,English,Yes|No|I am not sure,58cd0bc2a47dbb000171dc8b,68e63c89b45d53d33e01d389,68e63a6c6787211aea34e2d8,Is it possible that Bob draws a violin card from his deck?,No,7031
1991,NA,NA,NA,NA,NA,NA,NA,NA,61,,,NA,NA,NA,Graduated High-school,370639,1759919621182,1759919250543,-1,male,English,Alice needs exactly 2 points to win.|Alice needs at least 1 point to win.,58cd0bc2a47dbb000171dc8b,68e63c89b45d53d33e01d389,68e63a6c6787211aea34e2d8,"In the previous question, what was the winning rule for Alice?",Alice needs exactly 2 points to win.,3627
1991,NA,NA,NA,NA,NA,NA,NA,NA,61,,,NA,NA,NA,Graduated High-school,370639,1759919621182,1759919250543,-1,male,English,Yes|No|I am not sure,58cd0bc2a47dbb000171dc8b,68e63c89b45d53d33e01d389,68e63a6c6787211aea34e2d8,"Here, can Alice win if she draws a saxophone card?",I am not sure,20829
1991,NA,NA,NA,NA,NA,NA,NA,NA,61,,,NA,NA,NA,Graduated High-school,370639,1759919621182,1759919250543,-1,male,English,Yes|No|I am not sure,58cd0bc2a47dbb000171dc8b,68e63c89b45d53d33e01d389,68e63a6c6787211aea34e2d8,Does Alice know how many guitar cards Bob has in his deck?,Yes,3275
1991,NA,NA,NA,NA,NA,NA,NA,NA,61,,,NA,NA,NA,Graduated High-school,370639,1759919621182,1759919250543,NA,male,English,I drew the salad card.|Bob drew the lollipop card.,58cd0bc2a47dbb000171dc8b,68e63c89b45d53d33e01d389,68e63a6c6787211aea34e2d8,I lost because ,I drew the salad card.,15357
1991,NA,NA,NA,NA,NA,NA,NA,NA,61,,,NA,NA,NA,Graduated High-school,370639,1759919621182,1759919250543,NA,male,English,I drew the Spider-Man card.|Bob drew the Joker card.,58cd0bc2a47dbb000171dc8b,68e63c89b45d53d33e01d389,68e63a6c6787211aea34e2d8,I lost because ,I drew the Spider-Man card.,14551
1991,NA,NA,NA,NA,NA,NA,NA,NA,61,,,NA,NA,NA,Graduated High-school,370639,1759919621182,1759919250543,NA,male,English,I drew the pill card.|Bob drew the bubble tea card.,58cd0bc2a47dbb000171dc8b,68e63c89b45d53d33e01d389,68e63a6c6787211aea34e2d8,I won because ,Bob drew the bubble tea card.,22179
1991,NA,NA,NA,NA,NA,NA,NA,NA,61,,,NA,NA,NA,Graduated High-school,370639,1759919621182,1759919250543,NA,male,English,I drew the red pill card.|Bob drew the eat card.,58cd0bc2a47dbb000171dc8b,68e63c89b45d53d33e01d389,68e63a6c6787211aea34e2d8,I won because ,Bob drew the eat card.,13366
1991,NA,NA,less than 5,NA,NA,NA,less than 5,NA,61,,,NA,same number,NA,Graduated High-school,370639,1759919621182,1759919250543,NA,male,English,NA,58cd0bc2a47dbb000171dc8b,68e63c89b45d53d33e01d389,68e63a6c6787211aea34e2d8,NA,NA,38980
1991,more than 5,NA,NA,NA,less than 5,NA,NA,NA,61,,,NA,NA,NA,Graduated High-school,370639,1759919621182,1759919250543,NA,male,English,NA,58cd0bc2a47dbb000171dc8b,68e63c89b45d53d33e01d389,68e63a6c6787211aea34e2d8,NA,NA,29434
1991,NA,more than 5,NA,NA,NA,more than 5,NA,NA,61,,,same number,NA,NA,Graduated High-school,370639,1759919621182,1759919250543,NA,male,English,NA,58cd0bc2a47dbb000171dc8b,68e63c89b45d53d33e01d389,68e63a6c6787211aea34e2d8,NA,NA,20057
1991,NA,NA,NA,more than 5,NA,NA,NA,more than 5,61,,,NA,NA,same number,Graduated High-school,370639,1759919621182,1759919250543,NA,male,English,NA,58cd0bc2a47dbb000171dc8b,68e63c89b45d53d33e01d389,68e63a6c6787211aea34e2d8,NA,NA,14957
1992,NA,NA,NA,NA,NA,NA,NA,NA,32,,NA,,NA,,Higher degree,333497,1759919621901,1759919288404,-1,female,ENGLISH,Yes|No|I am not sure,675ab3f6c12c9e3fd27046b3,68e63c939936d964150a065b,68e63a6c6787211aea34e2d8,Is it possible that Bob draws a violin card from his deck?,No,11663
1992,NA,NA,NA,NA,NA,NA,NA,NA,32,,NA,,NA,,Higher degree,333497,1759919621901,1759919288404,-1,female,ENGLISH,Alice needs exactly 2 points to win.|Alice needs at least 1 point to win.,675ab3f6c12c9e3fd27046b3,68e63c939936d964150a065b,68e63a6c6787211aea34e2d8,"In the previous question, what was the winning rule for Alice?",Alice needs exactly 2 points to win.,8527
1992,NA,NA,NA,NA,NA,NA,NA,NA,32,,NA,,NA,,Higher degree,333497,1759919621901,1759919288404,-1,female,ENGLISH,Yes|No|I am not sure,675ab3f6c12c9e3fd27046b3,68e63c939936d964150a065b,68e63a6c6787211aea34e2d8,"Here, can Alice win if she draws a saxophone card?",I am not sure,8977
1992,NA,NA,NA,NA,NA,NA,NA,NA,32,,NA,,NA,,Higher degree,333497,1759919621901,1759919288404,-1,female,ENGLISH,Yes|No|I am not sure,675ab3f6c12c9e3fd27046b3,68e63c939936d964150a065b,68e63a6c6787211aea34e2d8,Does Alice know how many guitar cards Bob has in his deck?,Yes,3732
1992,NA,NA,NA,NA,NA,NA,NA,NA,32,,NA,,NA,,Higher degree,333497,1759919621901,1759919288404,NA,female,ENGLISH,I drew the red pill card.|Bob drew the eat card.,675ab3f6c12c9e3fd27046b3,68e63c939936d964150a065b,68e63a6c6787211aea34e2d8,I won because ,I drew the red pill card.,16491
1992,NA,NA,NA,NA,NA,NA,NA,NA,32,,NA,,NA,,Higher degree,333497,1759919621901,1759919288404,NA,female,ENGLISH,I drew the Spider-Man card.|Bob drew the Joker card.,675ab3f6c12c9e3fd27046b3,68e63c939936d964150a065b,68e63a6c6787211aea34e2d8,I lost because ,I drew the Spider-Man card.,13551
1992,NA,NA,NA,NA,NA,NA,NA,NA,32,,NA,,NA,,Higher degree,333497,1759919621901,1759919288404,NA,female,ENGLISH,I drew the salad card.|Bob drew the lollipop card.,675ab3f6c12c9e3fd27046b3,68e63c939936d964150a065b,68e63a6c6787211aea34e2d8,I lost because ,I drew the salad card.,15494
1992,NA,NA,NA,NA,NA,NA,NA,NA,32,,NA,,NA,,Higher degree,333497,1759919621901,1759919288404,NA,female,ENGLISH,I drew the pill card.|Bob drew the bubble tea card.,675ab3f6c12c9e3fd27046b3,68e63c939936d964150a065b,68e63a6c6787211aea34e2d8,I won because ,Bob drew the bubble tea card.,11323
1992,NA,NA,NA,more than 5,NA,NA,NA,less than 5,32,,NA,,NA,,Higher degree,333497,1759919621901,1759919288404,NA,female,ENGLISH,NA,675ab3f6c12c9e3fd27046b3,68e63c939936d964150a065b,68e63a6c6787211aea34e2d8,NA,NA,32368
1992,NA,more than 5,NA,NA,NA,less than 5,NA,NA,32,,NA,,NA,,Higher degree,333497,1759919621901,1759919288404,NA,female,ENGLISH,NA,675ab3f6c12c9e3fd27046b3,68e63c939936d964150a065b,68e63a6c6787211aea34e2d8,NA,NA,14317
1992,NA,NA,less than 5,NA,NA,NA,less than 5,NA,32,,NA,,same number,,Higher degree,333497,1759919621901,1759919288404,NA,female,ENGLISH,NA,675ab3f6c12c9e3fd27046b3,68e63c939936d964150a065b,68e63a6c6787211aea34e2d8,NA,NA,24415
1992,less than 5,NA,NA,NA,less than 5,NA,NA,NA,32,,same number,,NA,,Higher degree,333497,1759919621901,1759919288404,NA,female,ENGLISH,NA,675ab3f6c12c9e3fd27046b3,68e63c939936d964150a065b,68e63a6c6787211aea34e2d8,NA,NA,30856
1993,NA,NA,NA,NA,NA,NA,NA,NA,44,,NA,,,,Graduated High-school,399245,1759919623464,1759919224219,-1,female,English,Yes|No|I am not sure,5b9ca13a06114100010699b8,68e63c715d7e0da387745ecd,68e63a6c6787211aea34e2d8,Is it possible that Bob draws a violin card from his deck?,No,6161
1993,NA,NA,NA,NA,NA,NA,NA,NA,44,,NA,,,,Graduated High-school,399245,1759919623464,1759919224219,-1,female,English,Alice needs exactly 2 points to win.|Alice needs at least 1 point to win.,5b9ca13a06114100010699b8,68e63c715d7e0da387745ecd,68e63a6c6787211aea34e2d8,"In the previous question, what was the winning rule for Alice?",Alice needs exactly 2 points to win.,4877
1993,NA,NA,NA,NA,NA,NA,NA,NA,44,,NA,,,,Graduated High-school,399245,1759919623464,1759919224219,-1,female,English,Yes|No|I am not sure,5b9ca13a06114100010699b8,68e63c715d7e0da387745ecd,68e63a6c6787211aea34e2d8,"Here, can Alice win if she draws a saxophone card?",Yes,8970
1993,NA,NA,NA,NA,NA,NA,NA,NA,44,,NA,,,,Graduated High-school,399245,1759919623464,1759919224219,-1,female,English,Yes|No|I am not sure,5b9ca13a06114100010699b8,68e63c715d7e0da387745ecd,68e63a6c6787211aea34e2d8,Does Alice know how many guitar cards Bob has in his deck?,No,3675
1993,NA,NA,NA,NA,NA,NA,NA,NA,44,,NA,,,,Graduated High-school,399245,1759919623464,1759919224219,NA,female,English,I drew the pill card.|Bob drew the bubble tea card.,5b9ca13a06114100010699b8,68e63c715d7e0da387745ecd,68e63a6c6787211aea34e2d8,I won because ,I drew the pill card.,38189
1993,NA,NA,NA,NA,NA,NA,NA,NA,44,,NA,,,,Graduated High-school,399245,1759919623464,1759919224219,NA,female,English,I drew the Spider-Man card.|Bob drew the Joker card.,5b9ca13a06114100010699b8,68e63c715d7e0da387745ecd,68e63a6c6787211aea34e2d8,I lost because ,Bob drew the Joker card.,36981
1993,NA,NA,NA,NA,NA,NA,NA,NA,44,,NA,,,,Graduated High-school,399245,1759919623464,1759919224219,NA,female,English,I drew the red pill card.|Bob drew the eat card.,5b9ca13a06114100010699b8,68e63c715d7e0da387745ecd,68e63a6c6787211aea34e2d8,I won because ,I drew the red pill card.,9838
1993,NA,NA,NA,NA,NA,NA,NA,NA,44,,NA,,,,Graduated High-school,399245,1759919623464,1759919224219,NA,female,English,I drew the salad card.|Bob drew the lollipop card.,5b9ca13a06114100010699b8,68e63c715d7e0da387745ecd,68e63a6c6787211aea34e2d8,I lost because ,Bob drew the lollipop card.,6950
1993,NA,NA,NA,less than 5,NA,NA,NA,more than 5,44,,NA,,,,Graduated High-school,399245,1759919623464,1759919224219,NA,female,English,NA,5b9ca13a06114100010699b8,68e63c715d7e0da387745ecd,68e63a6c6787211aea34e2d8,NA,NA,38055
1993,NA,more than 5,NA,NA,NA,less than 5,NA,NA,44,,NA,,,,Graduated High-school,399245,1759919623464,1759919224219,NA,female,English,NA,5b9ca13a06114100010699b8,68e63c715d7e0da387745ecd,68e63a6c6787211aea34e2d8,NA,NA,15483
1993,more than 5,NA,NA,NA,more than 5,NA,NA,NA,44,,fewer,,,,Graduated High-school,399245,1759919623464,1759919224219,NA,female,English,NA,5b9ca13a06114100010699b8,68e63c715d7e0da387745ecd,68e63a6c6787211aea34e2d8,NA,NA,45921
1993,NA,NA,more than 5,NA,NA,NA,less than 5,NA,44,,NA,,,,Graduated High-school,399245,1759919623464,1759919224219,NA,female,English,NA,5b9ca13a06114100010699b8,68e63c715d7e0da387745ecd,68e63a6c6787211aea34e2d8,NA,NA,15844
1995,NA,NA,NA,NA,NA,NA,NA,NA,62,,,,,,Graduated College,515677,1759919634286,1759919118609,-1,female,English,Yes|No|I am not sure,60f6f802c0ede08f7cf69720,68e63c07be3485fc1d8bb288,68e63a6c6787211aea34e2d8,Is it possible that Bob draws a violin card from his deck?,No,9714
1995,NA,NA,NA,NA,NA,NA,NA,NA,62,,,,,,Graduated College,515677,1759919634286,1759919118609,-1,female,English,Alice needs exactly 2 points to win.|Alice needs at least 1 point to win.,60f6f802c0ede08f7cf69720,68e63c07be3485fc1d8bb288,68e63a6c6787211aea34e2d8,"In the previous question, what was the winning rule for Alice?",Alice needs exactly 2 points to win.,3555
1995,NA,NA,NA,NA,NA,NA,NA,NA,62,,,,,,Graduated College,515677,1759919634286,1759919118609,-1,female,English,Yes|No|I am not sure,60f6f802c0ede08f7cf69720,68e63c07be3485fc1d8bb288,68e63a6c6787211aea34e2d8,"Here, can Alice win if she draws a saxophone card?",Yes,15840
1995,NA,NA,NA,NA,NA,NA,NA,NA,62,,,,,,Graduated College,515677,1759919634286,1759919118609,-1,female,English,Yes|No|I am not sure,60f6f802c0ede08f7cf69720,68e63c07be3485fc1d8bb288,68e63a6c6787211aea34e2d8,Does Alice know how many guitar cards Bob has in his deck?,Yes,2914
1995,NA,NA,NA,NA,NA,NA,NA,NA,62,,,,,,Graduated College,515677,1759919634286,1759919118609,NA,female,English,I drew the pill card.|Bob drew the bubble tea card.,60f6f802c0ede08f7cf69720,68e63c07be3485fc1d8bb288,68e63a6c6787211aea34e2d8,I won because ,I drew the pill card.,32584
1995,NA,NA,NA,NA,NA,NA,NA,NA,62,,,,,,Graduated College,515677,1759919634286,1759919118609,NA,female,English,I drew the red pill card.|Bob drew the eat card.,60f6f802c0ede08f7cf69720,68e63c07be3485fc1d8bb288,68e63a6c6787211aea34e2d8,I won because ,I drew the red pill card.,10943
1995,NA,NA,NA,NA,NA,NA,NA,NA,62,,,,,,Graduated College,515677,1759919634286,1759919118609,NA,female,English,I drew the Spider-Man card.|Bob drew the Joker card.,60f6f802c0ede08f7cf69720,68e63c07be3485fc1d8bb288,68e63a6c6787211aea34e2d8,I lost because ,I drew the Spider-Man card.,28939
1995,NA,NA,NA,NA,NA,NA,NA,NA,62,,,,,,Graduated College,515677,1759919634286,1759919118609,NA,female,English,I drew the salad card.|Bob drew the lollipop card.,60f6f802c0ede08f7cf69720,68e63c07be3485fc1d8bb288,68e63a6c6787211aea34e2d8,I lost because ,Bob drew the lollipop card.,15870
1995,more than 5,NA,NA,NA,less than 5,NA,NA,NA,62,,,,,,Graduated College,515677,1759919634286,1759919118609,NA,female,English,NA,60f6f802c0ede08f7cf69720,68e63c07be3485fc1d8bb288,68e63a6c6787211aea34e2d8,NA,NA,58388
1995,NA,NA,less than 5,NA,NA,NA,more than 5,NA,62,,,,,,Graduated College,515677,1759919634286,1759919118609,NA,female,English,NA,60f6f802c0ede08f7cf69720,68e63c07be3485fc1d8bb288,68e63a6c6787211aea34e2d8,NA,NA,39717
1995,NA,NA,NA,more than 5,NA,NA,NA,less than 5,62,,,,,,Graduated College,515677,1759919634286,1759919118609,NA,female,English,NA,60f6f802c0ede08f7cf69720,68e63c07be3485fc1d8bb288,68e63a6c6787211aea34e2d8,NA,NA,11668
1995,NA,more than 5,NA,NA,NA,less than 5,NA,NA,62,,,,,,Graduated College,515677,1759919634286,1759919118609,NA,female,English,NA,60f6f802c0ede08f7cf69720,68e63c07be3485fc1d8bb288,68e63a6c6787211aea34e2d8,NA,NA,20279
1996,NA,NA,NA,NA,NA,NA,NA,NA,60,,NA,NA,NA,NA,Graduated High-school,493336,1759919665310,1759919171974,-1,female,English,Yes|No|I am not sure,5bc690392885710001a0bb76,68e63c32dfa52086a1335f9b,68e63a6c6787211aea34e2d8,Is it possible that Bob draws a violin card from his deck?,No,7940
1996,NA,NA,NA,NA,NA,NA,NA,NA,60,,NA,NA,NA,NA,Graduated High-school,493336,1759919665310,1759919171974,-1,female,English,Alice needs exactly 2 points to win.|Alice needs at least 1 point to win.,5bc690392885710001a0bb76,68e63c32dfa52086a1335f9b,68e63a6c6787211aea34e2d8,"In the previous question, what was the winning rule for Alice?",Alice needs exactly 2 points to win.,4614
1996,NA,NA,NA,NA,NA,NA,NA,NA,60,,NA,NA,NA,NA,Graduated High-school,493336,1759919665310,1759919171974,-1,female,English,Yes|No|I am not sure,5bc690392885710001a0bb76,68e63c32dfa52086a1335f9b,68e63a6c6787211aea34e2d8,"Here, can Alice win if she draws a saxophone card?",No,13542
1996,NA,NA,NA,NA,NA,NA,NA,NA,60,,NA,NA,NA,NA,Graduated High-school,493336,1759919665310,1759919171974,-1,female,English,Yes|No|I am not sure,5bc690392885710001a0bb76,68e63c32dfa52086a1335f9b,68e63a6c6787211aea34e2d8,Does Alice know how many guitar cards Bob has in his deck?,No,5293
1996,NA,NA,NA,NA,NA,NA,NA,NA,60,,NA,NA,NA,NA,Graduated High-school,493336,1759919665310,1759919171974,NA,female,English,I drew the red pill card.|Bob drew the eat card.,5bc690392885710001a0bb76,68e63c32dfa52086a1335f9b,68e63a6c6787211aea34e2d8,I won because ,Bob drew the eat card.,31283
1996,NA,NA,NA,NA,NA,NA,NA,NA,60,,NA,NA,NA,NA,Graduated High-school,493336,1759919665310,1759919171974,NA,female,English,I drew the pill card.|Bob drew the bubble tea card.,5bc690392885710001a0bb76,68e63c32dfa52086a1335f9b,68e63a6c6787211aea34e2d8,I won because ,Bob drew the bubble tea card.,21724
1996,NA,NA,NA,NA,NA,NA,NA,NA,60,,NA,NA,NA,NA,Graduated High-school,493336,1759919665310,1759919171974,NA,female,English,I drew the salad card.|Bob drew the lollipop card.,5bc690392885710001a0bb76,68e63c32dfa52086a1335f9b,68e63a6c6787211aea34e2d8,I lost because ,I drew the salad card.,20210
1996,NA,NA,NA,NA,NA,NA,NA,NA,60,,NA,NA,NA,NA,Graduated High-school,493336,1759919665310,1759919171974,NA,female,English,I drew the Spider-Man card.|Bob drew the Joker card.,5bc690392885710001a0bb76,68e63c32dfa52086a1335f9b,68e63a6c6787211aea34e2d8,I lost because ,I drew the Spider-Man card.,13266
1996,NA,NA,NA,less than 5,NA,NA,NA,less than 5,60,,NA,NA,NA,same number,Graduated High-school,493336,1759919665310,1759919171974,NA,female,English,NA,5bc690392885710001a0bb76,68e63c32dfa52086a1335f9b,68e63a6c6787211aea34e2d8,NA,NA,40961
1996,NA,less than 5,NA,NA,NA,less than 5,NA,NA,60,,NA,same number,NA,NA,Graduated High-school,493336,1759919665310,1759919171974,NA,female,English,NA,5bc690392885710001a0bb76,68e63c32dfa52086a1335f9b,68e63a6c6787211aea34e2d8,NA,NA,25495
1996,less than 5,NA,NA,NA,less than 5,NA,NA,NA,60,,same number,NA,NA,NA,Graduated High-school,493336,1759919665310,1759919171974,NA,female,English,NA,5bc690392885710001a0bb76,68e63c32dfa52086a1335f9b,68e63a6c6787211aea34e2d8,NA,NA,31571
1996,NA,NA,less than 5,NA,NA,NA,less than 5,NA,60,,NA,NA,same number,NA,Graduated High-school,493336,1759919665310,1759919171974,NA,female,English,NA,5bc690392885710001a0bb76,68e63c32dfa52086a1335f9b,68e63a6c6787211aea34e2d8,NA,NA,70668
1997,NA,NA,NA,NA,NA,NA,NA,NA,39,,NA,NA,NA,NA,Graduated College,603563,1759919728693,1759919125130,-1,male,english,Yes|No|I am not sure,60ddc62b071a009e0b0c2922,68e63c0afb8f624cb8c7495c,68e63a6c6787211aea34e2d8,Is it possible that Bob draws a violin card from his deck?,No,9342
1997,NA,NA,NA,NA,NA,NA,NA,NA,39,,NA,NA,NA,NA,Graduated College,603563,1759919728693,1759919125130,-1,male,english,Alice needs exactly 2 points to win.|Alice needs at least 1 point to win.,60ddc62b071a009e0b0c2922,68e63c0afb8f624cb8c7495c,68e63a6c6787211aea34e2d8,"In the previous question, what was the winning rule for Alice?",Alice needs exactly 2 points to win.,3682
1997,NA,NA,NA,NA,NA,NA,NA,NA,39,,NA,NA,NA,NA,Graduated College,603563,1759919728693,1759919125130,-1,male,english,Yes|No|I am not sure,60ddc62b071a009e0b0c2922,68e63c0afb8f624cb8c7495c,68e63a6c6787211aea34e2d8,"Here, can Alice win if she draws a saxophone card?",No,4779
1997,NA,NA,NA,NA,NA,NA,NA,NA,39,,NA,NA,NA,NA,Graduated College,603563,1759919728693,1759919125130,-1,male,english,Yes|No|I am not sure,60ddc62b071a009e0b0c2922,68e63c0afb8f624cb8c7495c,68e63a6c6787211aea34e2d8,Does Alice know how many guitar cards Bob has in his deck?,No,40925
1997,NA,NA,NA,NA,NA,NA,NA,NA,39,,NA,NA,NA,NA,Graduated College,603563,1759919728693,1759919125130,NA,male,english,I drew the salad card.|Bob drew the lollipop card.,60ddc62b071a009e0b0c2922,68e63c0afb8f624cb8c7495c,68e63a6c6787211aea34e2d8,I lost because ,Bob drew the lollipop card.,16427
1997,NA,NA,NA,NA,NA,NA,NA,NA,39,,NA,NA,NA,NA,Graduated College,603563,1759919728693,1759919125130,NA,male,english,I drew the Spider-Man card.|Bob drew the Joker card.,60ddc62b071a009e0b0c2922,68e63c0afb8f624cb8c7495c,68e63a6c6787211aea34e2d8,I lost because ,I drew the Spider-Man card.,10372
1997,NA,NA,NA,NA,NA,NA,NA,NA,39,,NA,NA,NA,NA,Graduated College,603563,1759919728693,1759919125130,NA,male,english,I drew the pill card.|Bob drew the bubble tea card.,60ddc62b071a009e0b0c2922,68e63c0afb8f624cb8c7495c,68e63a6c6787211aea34e2d8,I won because ,I drew the pill card.,9339
1997,NA,NA,NA,NA,NA,NA,NA,NA,39,,NA,NA,NA,NA,Graduated College,603563,1759919728693,1759919125130,NA,male,english,I drew the red pill card.|Bob drew the eat card.,60ddc62b071a009e0b0c2922,68e63c0afb8f624cb8c7495c,68e63a6c6787211aea34e2d8,I won because ,I drew the red pill card.,20309
1997,NA,NA,less than 5,NA,NA,NA,less than 5,NA,39,,NA,NA,fewer,NA,Graduated College,603563,1759919728693,1759919125130,NA,male,english,NA,60ddc62b071a009e0b0c2922,68e63c0afb8f624cb8c7495c,68e63a6c6787211aea34e2d8,NA,NA,66856
1997,NA,NA,NA,more than 5,NA,NA,NA,more than 5,39,,NA,NA,NA,same number,Graduated College,603563,1759919728693,1759919125130,NA,male,english,NA,60ddc62b071a009e0b0c2922,68e63c0afb8f624cb8c7495c,68e63a6c6787211aea34e2d8,NA,NA,75400
1997,less than 5,NA,NA,NA,less than 5,NA,NA,NA,39,,same number,NA,NA,NA,Graduated College,603563,1759919728693,1759919125130,NA,male,english,NA,60ddc62b071a009e0b0c2922,68e63c0afb8f624cb8c7495c,68e63a6c6787211aea34e2d8,NA,NA,24792
1997,NA,more than 5,NA,NA,NA,more than 5,NA,NA,39,,NA,same number,NA,NA,Graduated College,603563,1759919728693,1759919125130,NA,male,english,NA,60ddc62b071a009e0b0c2922,68e63c0afb8f624cb8c7495c,68e63a6c6787211aea34e2d8,NA,NA,18577
1998,NA,NA,NA,NA,NA,NA,NA,NA,50,none,,,,,Graduated College,565223,1759919728930,1759919163707,-1,male,english,Yes|No|I am not sure,63d79fcd741f9cfb2f87152f,68e63c2417b47b2c615da070,68e63a6c6787211aea34e2d8,Is it possible that Bob draws a violin card from his deck?,No,16330
1998,NA,NA,NA,NA,NA,NA,NA,NA,50,none,,,,,Graduated College,565223,1759919728930,1759919163707,-1,male,english,Alice needs exactly 2 points to win.|Alice needs at least 1 point to win.,63d79fcd741f9cfb2f87152f,68e63c2417b47b2c615da070,68e63a6c6787211aea34e2d8,"In the previous question, what was the winning rule for Alice?",Alice needs exactly 2 points to win.,7496
1998,NA,NA,NA,NA,NA,NA,NA,NA,50,none,,,,,Graduated College,565223,1759919728930,1759919163707,-1,male,english,Yes|No|I am not sure,63d79fcd741f9cfb2f87152f,68e63c2417b47b2c615da070,68e63a6c6787211aea34e2d8,"Here, can Alice win if she draws a saxophone card?",Yes,21856
1998,NA,NA,NA,NA,NA,NA,NA,NA,50,none,,,,,Graduated College,565223,1759919728930,1759919163707,-1,male,english,Yes|No|I am not sure,63d79fcd741f9cfb2f87152f,68e63c2417b47b2c615da070,68e63a6c6787211aea34e2d8,Does Alice know how many guitar cards Bob has in his deck?,Yes,5661
1998,NA,NA,NA,NA,NA,NA,NA,NA,50,none,,,,,Graduated College,565223,1759919728930,1759919163707,NA,male,english,I drew the Spider-Man card.|Bob drew the Joker card.,63d79fcd741f9cfb2f87152f,68e63c2417b47b2c615da070,68e63a6c6787211aea34e2d8,I lost because ,I drew the Spider-Man card.,35660
1998,NA,NA,NA,NA,NA,NA,NA,NA,50,none,,,,,Graduated College,565223,1759919728930,1759919163707,NA,male,english,I drew the pill card.|Bob drew the bubble tea card.,63d79fcd741f9cfb2f87152f,68e63c2417b47b2c615da070,68e63a6c6787211aea34e2d8,I won because ,I drew the pill card.,33836
1998,NA,NA,NA,NA,NA,NA,NA,NA,50,none,,,,,Graduated College,565223,1759919728930,1759919163707,NA,male,english,I drew the salad card.|Bob drew the lollipop card.,63d79fcd741f9cfb2f87152f,68e63c2417b47b2c615da070,68e63a6c6787211aea34e2d8,I lost because ,Bob drew the lollipop card.,34739
1998,NA,NA,NA,NA,NA,NA,NA,NA,50,none,,,,,Graduated College,565223,1759919728930,1759919163707,NA,male,english,I drew the red pill card.|Bob drew the eat card.,63d79fcd741f9cfb2f87152f,68e63c2417b47b2c615da070,68e63a6c6787211aea34e2d8,I won because ,I drew the red pill card.,41623
1998,NA,NA,NA,more than 5,NA,NA,NA,less than 5,50,none,,,,,Graduated College,565223,1759919728930,1759919163707,NA,male,english,NA,63d79fcd741f9cfb2f87152f,68e63c2417b47b2c615da070,68e63a6c6787211aea34e2d8,NA,NA,65826
1998,more than 5,NA,NA,NA,less than 5,NA,NA,NA,50,none,,,,,Graduated College,565223,1759919728930,1759919163707,NA,male,english,NA,63d79fcd741f9cfb2f87152f,68e63c2417b47b2c615da070,68e63a6c6787211aea34e2d8,NA,NA,40047
1998,NA,less than 5,NA,NA,NA,more than 5,NA,NA,50,none,,,,,Graduated College,565223,1759919728930,1759919163707,NA,male,english,NA,63d79fcd741f9cfb2f87152f,68e63c2417b47b2c615da070,68e63a6c6787211aea34e2d8,NA,NA,10911
1998,NA,NA,more than 5,NA,NA,NA,less than 5,NA,50,none,,,,,Graduated College,565223,1759919728930,1759919163707,NA,male,english,NA,63d79fcd741f9cfb2f87152f,68e63c2417b47b2c615da070,68e63a6c6787211aea34e2d8,NA,NA,19452
1999,NA,NA,NA,NA,NA,NA,NA,NA,59,,NA,NA,NA,,Graduated High-school,466112,1759919746553,1759919280441,-1,female,English,Yes|No|I am not sure,622bb4f79c52ad04bb91e752,68e63ca52d70574cd3d6b76a,68e63a6c6787211aea34e2d8,Is it possible that Bob draws a violin card from his deck?,No,10323
1999,NA,NA,NA,NA,NA,NA,NA,NA,59,,NA,NA,NA,,Graduated High-school,466112,1759919746553,1759919280441,-1,female,English,Alice needs exactly 2 points to win.|Alice needs at least 1 point to win.,622bb4f79c52ad04bb91e752,68e63ca52d70574cd3d6b76a,68e63a6c6787211aea34e2d8,"In the previous question, what was the winning rule for Alice?",Alice needs exactly 2 points to win.,3513
1999,NA,NA,NA,NA,NA,NA,NA,NA,59,,NA,NA,NA,,Graduated High-school,466112,1759919746553,1759919280441,-1,female,English,Yes|No|I am not sure,622bb4f79c52ad04bb91e752,68e63ca52d70574cd3d6b76a,68e63a6c6787211aea34e2d8,"Here, can Alice win if she draws a saxophone card?",No,7108
1999,NA,NA,NA,NA,NA,NA,NA,NA,59,,NA,NA,NA,,Graduated High-school,466112,1759919746553,1759919280441,-1,female,English,Yes|No|I am not sure,622bb4f79c52ad04bb91e752,68e63ca52d70574cd3d6b76a,68e63a6c6787211aea34e2d8,Does Alice know how many guitar cards Bob has in his deck?,No,32512
1999,NA,NA,NA,NA,NA,NA,NA,NA,59,,NA,NA,NA,,Graduated High-school,466112,1759919746553,1759919280441,NA,female,English,I drew the red pill card.|Bob drew the eat card.,622bb4f79c52ad04bb91e752,68e63ca52d70574cd3d6b76a,68e63a6c6787211aea34e2d8,I won because ,I drew the red pill card.,27702
1999,NA,NA,NA,NA,NA,NA,NA,NA,59,,NA,NA,NA,,Graduated High-school,466112,1759919746553,1759919280441,NA,female,English,I drew the Spider-Man card.|Bob drew the Joker card.,622bb4f79c52ad04bb91e752,68e63ca52d70574cd3d6b76a,68e63a6c6787211aea34e2d8,I lost because ,I drew the Spider-Man card.,19093
1999,NA,NA,NA,NA,NA,NA,NA,NA,59,,NA,NA,NA,,Graduated High-school,466112,1759919746553,1759919280441,NA,female,English,I drew the salad card.|Bob drew the lollipop card.,622bb4f79c52ad04bb91e752,68e63ca52d70574cd3d6b76a,68e63a6c6787211aea34e2d8,I lost because ,I drew the salad card.,15787
1999,NA,NA,NA,NA,NA,NA,NA,NA,59,,NA,NA,NA,,Graduated High-school,466112,1759919746553,1759919280441,NA,female,English,I drew the pill card.|Bob drew the bubble tea card.,622bb4f79c52ad04bb91e752,68e63ca52d70574cd3d6b76a,68e63a6c6787211aea34e2d8,I won because ,I drew the pill card.,18295
1999,NA,NA,NA,less than 5,NA,NA,NA,more than 5,59,,NA,NA,NA,,Graduated High-school,466112,1759919746553,1759919280441,NA,female,English,NA,622bb4f79c52ad04bb91e752,68e63ca52d70574cd3d6b76a,68e63a6c6787211aea34e2d8,NA,NA,42720
1999,NA,more than 5,NA,NA,NA,more than 5,NA,NA,59,,NA,same number,NA,,Graduated High-school,466112,1759919746553,1759919280441,NA,female,English,NA,622bb4f79c52ad04bb91e752,68e63ca52d70574cd3d6b76a,68e63a6c6787211aea34e2d8,NA,NA,28514
1999,less than 5,NA,NA,NA,less than 5,NA,NA,NA,59,,same number,NA,NA,,Graduated High-school,466112,1759919746553,1759919280441,NA,female,English,NA,622bb4f79c52ad04bb91e752,68e63ca52d70574cd3d6b76a,68e63a6c6787211aea34e2d8,NA,NA,36728
1999,NA,NA,less than 5,NA,NA,NA,less than 5,NA,59,,NA,NA,same number,,Graduated High-school,466112,1759919746553,1759919280441,NA,female,English,NA,622bb4f79c52ad04bb91e752,68e63ca52d70574cd3d6b76a,68e63a6c6787211aea34e2d8,NA,NA,18652
2000,NA,NA,NA,NA,NA,NA,NA,NA,53,,NA,,NA,,Graduated College,481546,1759919759930,1759919278384,-1,male,english,Yes|No|I am not sure,5f3ec93efbd299158253f283,68e63c0d8af905a204537d94,68e63a6c6787211aea34e2d8,Is it possible that Bob draws a violin card from his deck?,No,29362
2000,NA,NA,NA,NA,NA,NA,NA,NA,53,,NA,,NA,,Graduated College,481546,1759919759930,1759919278384,-1,male,english,Alice needs exactly 2 points to win.|Alice needs at least 1 point to win.,5f3ec93efbd299158253f283,68e63c0d8af905a204537d94,68e63a6c6787211aea34e2d8,"In the previous question, what was the winning rule for Alice?",Alice needs exactly 2 points to win.,5706
2000,NA,NA,NA,NA,NA,NA,NA,NA,53,,NA,,NA,,Graduated College,481546,1759919759930,1759919278384,-1,male,english,Yes|No|I am not sure,5f3ec93efbd299158253f283,68e63c0d8af905a204537d94,68e63a6c6787211aea34e2d8,"Here, can Alice win if she draws a saxophone card?",No,10346
2000,NA,NA,NA,NA,NA,NA,NA,NA,53,,NA,,NA,,Graduated College,481546,1759919759930,1759919278384,-1,male,english,Yes|No|I am not sure,5f3ec93efbd299158253f283,68e63c0d8af905a204537d94,68e63a6c6787211aea34e2d8,Does Alice know how many guitar cards Bob has in his deck?,Yes,5607
2000,NA,NA,NA,NA,NA,NA,NA,NA,53,,NA,,NA,,Graduated College,481546,1759919759930,1759919278384,NA,male,english,I drew the pill card.|Bob drew the bubble tea card.,5f3ec93efbd299158253f283,68e63c0d8af905a204537d94,68e63a6c6787211aea34e2d8,I won because ,Bob drew the bubble tea card.,31003
2000,NA,NA,NA,NA,NA,NA,NA,NA,53,,NA,,NA,,Graduated College,481546,1759919759930,1759919278384,NA,male,english,I drew the Spider-Man card.|Bob drew the Joker card.,5f3ec93efbd299158253f283,68e63c0d8af905a204537d94,68e63a6c6787211aea34e2d8,I lost because ,I drew the Spider-Man card.,16006
2000,NA,NA,NA,NA,NA,NA,NA,NA,53,,NA,,NA,,Graduated College,481546,1759919759930,1759919278384,NA,male,english,I drew the salad card.|Bob drew the lollipop card.,5f3ec93efbd299158253f283,68e63c0d8af905a204537d94,68e63a6c6787211aea34e2d8,I lost because ,I drew the salad card.,12774
2000,NA,NA,NA,NA,NA,NA,NA,NA,53,,NA,,NA,,Graduated College,481546,1759919759930,1759919278384,NA,male,english,I drew the red pill card.|Bob drew the eat card.,5f3ec93efbd299158253f283,68e63c0d8af905a204537d94,68e63a6c6787211aea34e2d8,I won because ,Bob drew the eat card.,13871
2000,NA,NA,less than 5,NA,NA,NA,less than 5,NA,53,,NA,,same number,,Graduated College,481546,1759919759930,1759919278384,NA,male,english,NA,5f3ec93efbd299158253f283,68e63c0d8af905a204537d94,68e63a6c6787211aea34e2d8,NA,NA,56688
2000,less than 5,NA,NA,NA,less than 5,NA,NA,NA,53,,same number,,NA,,Graduated College,481546,1759919759930,1759919278384,NA,male,english,NA,5f3ec93efbd299158253f283,68e63c0d8af905a204537d94,68e63a6c6787211aea34e2d8,NA,NA,32819
2000,NA,NA,NA,more than 5,NA,NA,NA,less than 5,53,,NA,,NA,,Graduated College,481546,1759919759930,1759919278384,NA,male,english,NA,5f3ec93efbd299158253f283,68e63c0d8af905a204537d94,68e63a6c6787211aea34e2d8,NA,NA,54499
2000,NA,less than 5,NA,NA,NA,more than 5,NA,NA,53,,NA,,NA,,Graduated College,481546,1759919759930,1759919278384,NA,male,english,NA,5f3ec93efbd299158253f283,68e63c0d8af905a204537d94,68e63a6c6787211aea34e2d8,NA,NA,24764
2001,NA,NA,NA,NA,NA,NA,NA,NA,54,,,,,,Graduated High-school,262303,1759919794616,1759919532313,-1,male,,Yes|No|I am not sure,639f294882a3797f77a3dd81,68e63da1739c5e91526c8c1b,68e63a6c6787211aea34e2d8,Is it possible that Bob draws a violin card from his deck?,No,16569
2001,NA,NA,NA,NA,NA,NA,NA,NA,54,,,,,,Graduated High-school,262303,1759919794616,1759919532313,-1,male,,Alice needs exactly 2 points to win.|Alice needs at least 1 point to win.,639f294882a3797f77a3dd81,68e63da1739c5e91526c8c1b,68e63a6c6787211aea34e2d8,"In the previous question, what was the winning rule for Alice?",Alice needs exactly 2 points to win.,5196
2001,NA,NA,NA,NA,NA,NA,NA,NA,54,,,,,,Graduated High-school,262303,1759919794616,1759919532313,-1,male,,Yes|No|I am not sure,639f294882a3797f77a3dd81,68e63da1739c5e91526c8c1b,68e63a6c6787211aea34e2d8,"Here, can Alice win if she draws a saxophone card?",I am not sure,13907
2001,NA,NA,NA,NA,NA,NA,NA,NA,54,,,,,,Graduated High-school,262303,1759919794616,1759919532313,-1,male,,Yes|No|I am not sure,639f294882a3797f77a3dd81,68e63da1739c5e91526c8c1b,68e63a6c6787211aea34e2d8,Does Alice know how many guitar cards Bob has in his deck?,Yes,4596
2001,NA,NA,NA,NA,NA,NA,NA,NA,54,,,,,,Graduated High-school,262303,1759919794616,1759919532313,NA,male,,I drew the pill card.|Bob drew the bubble tea card.,639f294882a3797f77a3dd81,68e63da1739c5e91526c8c1b,68e63a6c6787211aea34e2d8,I won because ,I drew the pill card.,19628
2001,NA,NA,NA,NA,NA,NA,NA,NA,54,,,,,,Graduated High-school,262303,1759919794616,1759919532313,NA,male,,I drew the Spider-Man card.|Bob drew the Joker card.,639f294882a3797f77a3dd81,68e63da1739c5e91526c8c1b,68e63a6c6787211aea34e2d8,I lost because ,Bob drew the Joker card.,14788
2001,NA,NA,NA,NA,NA,NA,NA,NA,54,,,,,,Graduated High-school,262303,1759919794616,1759919532313,NA,male,,I drew the salad card.|Bob drew the lollipop card.,639f294882a3797f77a3dd81,68e63da1739c5e91526c8c1b,68e63a6c6787211aea34e2d8,I lost because ,I drew the salad card.,17660
2001,NA,NA,NA,NA,NA,NA,NA,NA,54,,,,,,Graduated High-school,262303,1759919794616,1759919532313,NA,male,,I drew the red pill card.|Bob drew the eat card.,639f294882a3797f77a3dd81,68e63da1739c5e91526c8c1b,68e63a6c6787211aea34e2d8,I won because ,I drew the red pill card.,10141
2001,NA,NA,less than 5,NA,NA,NA,more than 5,NA,54,,,,,,Graduated High-school,262303,1759919794616,1759919532313,NA,male,,NA,639f294882a3797f77a3dd81,68e63da1739c5e91526c8c1b,68e63a6c6787211aea34e2d8,NA,NA,21888
2001,NA,more than 5,NA,NA,NA,less than 5,NA,NA,54,,,,,,Graduated High-school,262303,1759919794616,1759919532313,NA,male,,NA,639f294882a3797f77a3dd81,68e63da1739c5e91526c8c1b,68e63a6c6787211aea34e2d8,NA,NA,12616
2001,less than 5,NA,NA,NA,more than 5,NA,NA,NA,54,,,,,,Graduated High-school,262303,1759919794616,1759919532313,NA,male,,NA,639f294882a3797f77a3dd81,68e63da1739c5e91526c8c1b,68e63a6c6787211aea34e2d8,NA,NA,8640
2001,NA,NA,NA,more than 5,NA,NA,NA,less than 5,54,,,,,,Graduated High-school,262303,1759919794616,1759919532313,NA,male,,NA,639f294882a3797f77a3dd81,68e63da1739c5e91526c8c1b,68e63a6c6787211aea34e2d8,NA,NA,8192
2002,NA,NA,NA,NA,NA,NA,NA,NA,26,,,,,,Graduated College,600960,1759919997342,1759919396382,-1,male,English,Yes|No|I am not sure,601129f77e0c21000b0c408a,68e63d01a56b39da050f6812,68e63a6c6787211aea34e2d8,Is it possible that Bob draws a violin card from his deck?,No,9181
2002,NA,NA,NA,NA,NA,NA,NA,NA,26,,,,,,Graduated College,600960,1759919997342,1759919396382,-1,male,English,Alice needs exactly 2 points to win.|Alice needs at least 1 point to win.,601129f77e0c21000b0c408a,68e63d01a56b39da050f6812,68e63a6c6787211aea34e2d8,"In the previous question, what was the winning rule for Alice?",Alice needs exactly 2 points to win.,6675
2002,NA,NA,NA,NA,NA,NA,NA,NA,26,,,,,,Graduated College,600960,1759919997342,1759919396382,-1,male,English,Yes|No|I am not sure,601129f77e0c21000b0c408a,68e63d01a56b39da050f6812,68e63a6c6787211aea34e2d8,"Here, can Alice win if she draws a saxophone card?",No,8168
2002,NA,NA,NA,NA,NA,NA,NA,NA,26,,,,,,Graduated College,600960,1759919997342,1759919396382,-1,male,English,Yes|No|I am not sure,601129f77e0c21000b0c408a,68e63d01a56b39da050f6812,68e63a6c6787211aea34e2d8,Does Alice know how many guitar cards Bob has in his deck?,No,4961
2002,NA,NA,NA,NA,NA,NA,NA,NA,26,,,,,,Graduated College,600960,1759919997342,1759919396382,NA,male,English,I drew the salad card.|Bob drew the lollipop card.,601129f77e0c21000b0c408a,68e63d01a56b39da050f6812,68e63a6c6787211aea34e2d8,I lost because ,I drew the salad card.,35765
2002,NA,NA,NA,NA,NA,NA,NA,NA,26,,,,,,Graduated College,600960,1759919997342,1759919396382,NA,male,English,I drew the pill card.|Bob drew the bubble tea card.,601129f77e0c21000b0c408a,68e63d01a56b39da050f6812,68e63a6c6787211aea34e2d8,I won because ,I drew the pill card.,21919
2002,NA,NA,NA,NA,NA,NA,NA,NA,26,,,,,,Graduated College,600960,1759919997342,1759919396382,NA,male,English,I drew the Spider-Man card.|Bob drew the Joker card.,601129f77e0c21000b0c408a,68e63d01a56b39da050f6812,68e63a6c6787211aea34e2d8,I lost because ,I drew the Spider-Man card.,15392
2002,NA,NA,NA,NA,NA,NA,NA,NA,26,,,,,,Graduated College,600960,1759919997342,1759919396382,NA,male,English,I drew the red pill card.|Bob drew the eat card.,601129f77e0c21000b0c408a,68e63d01a56b39da050f6812,68e63a6c6787211aea34e2d8,I won because ,I drew the red pill card.,11111
2002,NA,NA,5,NA,NA,NA,5,NA,26,,,,,,Graduated College,600960,1759919997342,1759919396382,NA,male,English,NA,601129f77e0c21000b0c408a,68e63d01a56b39da050f6812,68e63a6c6787211aea34e2d8,NA,NA,41138
2002,5,NA,NA,NA,5,NA,NA,NA,26,,,,,,Graduated College,600960,1759919997342,1759919396382,NA,male,English,NA,601129f77e0c21000b0c408a,68e63d01a56b39da050f6812,68e63a6c6787211aea34e2d8,NA,NA,39136
2002,NA,5,NA,NA,NA,5,NA,NA,26,,,,,,Graduated College,600960,1759919997342,1759919396382,NA,male,English,NA,601129f77e0c21000b0c408a,68e63d01a56b39da050f6812,68e63a6c6787211aea34e2d8,NA,NA,19347
2002,NA,NA,NA,5,NA,NA,NA,5,26,,,,,,Graduated College,600960,1759919997342,1759919396382,NA,male,English,NA,601129f77e0c21000b0c408a,68e63d01a56b39da050f6812,68e63a6c6787211aea34e2d8,NA,NA,22974
2003,NA,NA,NA,NA,NA,NA,NA,NA,28,,NA,,NA,NA,Graduated High-school,479007,1759920093017,1759919614011,-1,male,english,Yes|No|I am not sure,65107641138d7e50e2a290d0,68e63cfc25ee9a20083a6a23,68e63a6c6787211aea34e2d8,Is it possible that Bob draws a violin card from his deck?,No,23398
2003,NA,NA,NA,NA,NA,NA,NA,NA,28,,NA,,NA,NA,Graduated High-school,479007,1759920093017,1759919614011,-1,male,english,Alice needs exactly 2 points to win.|Alice needs at least 1 point to win.,65107641138d7e50e2a290d0,68e63cfc25ee9a20083a6a23,68e63a6c6787211aea34e2d8,"In the previous question, what was the winning rule for Alice?",Alice needs exactly 2 points to win.,2969
2003,NA,NA,NA,NA,NA,NA,NA,NA,28,,NA,,NA,NA,Graduated High-school,479007,1759920093017,1759919614011,-1,male,english,Yes|No|I am not sure,65107641138d7e50e2a290d0,68e63cfc25ee9a20083a6a23,68e63a6c6787211aea34e2d8,"Here, can Alice win if she draws a saxophone card?",I am not sure,8100
2003,NA,NA,NA,NA,NA,NA,NA,NA,28,,NA,,NA,NA,Graduated High-school,479007,1759920093017,1759919614011,-1,male,english,Yes|No|I am not sure,65107641138d7e50e2a290d0,68e63cfc25ee9a20083a6a23,68e63a6c6787211aea34e2d8,Does Alice know how many guitar cards Bob has in his deck?,No,2783
2003,NA,NA,NA,NA,NA,NA,NA,NA,28,,NA,,NA,NA,Graduated High-school,479007,1759920093017,1759919614011,NA,male,english,I drew the salad card.|Bob drew the lollipop card.,65107641138d7e50e2a290d0,68e63cfc25ee9a20083a6a23,68e63a6c6787211aea34e2d8,I lost because ,Bob drew the lollipop card.,9871
2003,NA,NA,NA,NA,NA,NA,NA,NA,28,,NA,,NA,NA,Graduated High-school,479007,1759920093017,1759919614011,NA,male,english,I drew the red pill card.|Bob drew the eat card.,65107641138d7e50e2a290d0,68e63cfc25ee9a20083a6a23,68e63a6c6787211aea34e2d8,I won because ,I drew the red pill card.,7008
2003,NA,NA,NA,NA,NA,NA,NA,NA,28,,NA,,NA,NA,Graduated High-school,479007,1759920093017,1759919614011,NA,male,english,I drew the Spider-Man card.|Bob drew the Joker card.,65107641138d7e50e2a290d0,68e63cfc25ee9a20083a6a23,68e63a6c6787211aea34e2d8,I lost because ,Bob drew the Joker card.,13927
2003,NA,NA,NA,NA,NA,NA,NA,NA,28,,NA,,NA,NA,Graduated High-school,479007,1759920093017,1759919614011,NA,male,english,I drew the pill card.|Bob drew the bubble tea card.,65107641138d7e50e2a290d0,68e63cfc25ee9a20083a6a23,68e63a6c6787211aea34e2d8,I won because ,I drew the pill card.,24221
2003,NA,NA,NA,less than 5,NA,NA,NA,less than 5,28,,NA,,NA,more,Graduated High-school,479007,1759920093017,1759919614011,NA,male,english,NA,65107641138d7e50e2a290d0,68e63cfc25ee9a20083a6a23,68e63a6c6787211aea34e2d8,NA,NA,24048
2003,less than 5,NA,NA,NA,less than 5,NA,NA,NA,28,,more,,NA,NA,Graduated High-school,479007,1759920093017,1759919614011,NA,male,english,NA,65107641138d7e50e2a290d0,68e63cfc25ee9a20083a6a23,68e63a6c6787211aea34e2d8,NA,NA,34858
2003,NA,more than 5,NA,NA,NA,less than 5,NA,NA,28,,NA,,NA,NA,Graduated High-school,479007,1759920093017,1759919614011,NA,male,english,NA,65107641138d7e50e2a290d0,68e63cfc25ee9a20083a6a23,68e63a6c6787211aea34e2d8,NA,NA,12063
2003,NA,NA,less than 5,NA,NA,NA,less than 5,NA,28,,NA,,same number,NA,Graduated High-school,479007,1759920093017,1759919614011,NA,male,english,NA,65107641138d7e50e2a290d0,68e63cfc25ee9a20083a6a23,68e63a6c6787211aea34e2d8,NA,NA,11484
2004,NA,NA,NA,NA,NA,NA,NA,NA,50,,NA,NA,NA,,Graduated High-school,469226,1759920137968,1759919668742,-1,male,english,Yes|No|I am not sure,5ee637a18976fc391312fe01,68e63e2e5ef26e4a85a8d19e,68e63a6c6787211aea34e2d8,Is it possible that Bob draws a violin card from his deck?,Yes,51931
2004,NA,NA,NA,NA,NA,NA,NA,NA,50,,NA,NA,NA,,Graduated High-school,469226,1759920137968,1759919668742,-1,male,english,Alice needs exactly 2 points to win.|Alice needs at least 1 point to win.,5ee637a18976fc391312fe01,68e63e2e5ef26e4a85a8d19e,68e63a6c6787211aea34e2d8,"In the previous question, what was the winning rule for Alice?",Alice needs at least 1 point to win.,5052
2004,NA,NA,NA,NA,NA,NA,NA,NA,50,,NA,NA,NA,,Graduated High-school,469226,1759920137968,1759919668742,-1,male,english,Yes|No|I am not sure,5ee637a18976fc391312fe01,68e63e2e5ef26e4a85a8d19e,68e63a6c6787211aea34e2d8,"Here, can Alice win if she draws a saxophone card?",I am not sure,4900
2004,NA,NA,NA,NA,NA,NA,NA,NA,50,,NA,NA,NA,,Graduated High-school,469226,1759920137968,1759919668742,-1,male,english,Yes|No|I am not sure,5ee637a18976fc391312fe01,68e63e2e5ef26e4a85a8d19e,68e63a6c6787211aea34e2d8,Does Alice know how many guitar cards Bob has in his deck?,No,2942
2004,NA,NA,NA,NA,NA,NA,NA,NA,50,,NA,NA,NA,,Graduated High-school,469226,1759920137968,1759919668742,NA,male,english,I drew the pill card.|Bob drew the bubble tea card.,5ee637a18976fc391312fe01,68e63e2e5ef26e4a85a8d19e,68e63a6c6787211aea34e2d8,I won because ,I drew the pill card.,48973
2004,NA,NA,NA,NA,NA,NA,NA,NA,50,,NA,NA,NA,,Graduated High-school,469226,1759920137968,1759919668742,NA,male,english,I drew the salad card.|Bob drew the lollipop card.,5ee637a18976fc391312fe01,68e63e2e5ef26e4a85a8d19e,68e63a6c6787211aea34e2d8,I lost because ,Bob drew the lollipop card.,8909
2004,NA,NA,NA,NA,NA,NA,NA,NA,50,,NA,NA,NA,,Graduated High-school,469226,1759920137968,1759919668742,NA,male,english,I drew the red pill card.|Bob drew the eat card.,5ee637a18976fc391312fe01,68e63e2e5ef26e4a85a8d19e,68e63a6c6787211aea34e2d8,I won because ,I drew the red pill card.,14430
2004,NA,NA,NA,NA,NA,NA,NA,NA,50,,NA,NA,NA,,Graduated High-school,469226,1759920137968,1759919668742,NA,male,english,I drew the Spider-Man card.|Bob drew the Joker card.,5ee637a18976fc391312fe01,68e63e2e5ef26e4a85a8d19e,68e63a6c6787211aea34e2d8,I lost because ,Bob drew the Joker card.,11790
2004,NA,NA,less than 5,NA,NA,NA,less than 5,NA,50,,NA,NA,more,,Graduated High-school,469226,1759920137968,1759919668742,NA,male,english,NA,5ee637a18976fc391312fe01,68e63e2e5ef26e4a85a8d19e,68e63a6c6787211aea34e2d8,NA,NA,34576
2004,more than 5,NA,NA,NA,more than 5,NA,NA,NA,50,,same number,NA,NA,,Graduated High-school,469226,1759920137968,1759919668742,NA,male,english,NA,5ee637a18976fc391312fe01,68e63e2e5ef26e4a85a8d19e,68e63a6c6787211aea34e2d8,NA,NA,27927
2004,NA,more than 5,NA,NA,NA,more than 5,NA,NA,50,,NA,same number,NA,,Graduated High-school,469226,1759920137968,1759919668742,NA,male,english,NA,5ee637a18976fc391312fe01,68e63e2e5ef26e4a85a8d19e,68e63a6c6787211aea34e2d8,NA,NA,16583
2004,NA,NA,NA,less than 5,NA,NA,NA,more than 5,50,,NA,NA,NA,,Graduated High-school,469226,1759920137968,1759919668742,NA,male,english,NA,5ee637a18976fc391312fe01,68e63e2e5ef26e4a85a8d19e,68e63a6c6787211aea34e2d8,NA,NA,20744
2005,NA,NA,NA,NA,NA,NA,NA,NA,40,,,,NA,,Higher degree,864856,1759920239342,1759919374486,-1,male,,Yes|No|I am not sure,5afc14a00b2d5f00015693b4,68e63d0077c58ced7af20b3a,68e63a6c6787211aea34e2d8,Is it possible that Bob draws a violin card from his deck?,Yes,5492
2005,NA,NA,NA,NA,NA,NA,NA,NA,40,,,,NA,,Higher degree,864856,1759920239342,1759919374486,-1,male,,Alice needs exactly 2 points to win.|Alice needs at least 1 point to win.,5afc14a00b2d5f00015693b4,68e63d0077c58ced7af20b3a,68e63a6c6787211aea34e2d8,"In the previous question, what was the winning rule for Alice?",Alice needs at least 1 point to win.,4229
2005,NA,NA,NA,NA,NA,NA,NA,NA,40,,,,NA,,Higher degree,864856,1759920239342,1759919374486,-1,male,,Yes|No|I am not sure,5afc14a00b2d5f00015693b4,68e63d0077c58ced7af20b3a,68e63a6c6787211aea34e2d8,"Here, can Alice win if she draws a saxophone card?",No,2068
2005,NA,NA,NA,NA,NA,NA,NA,NA,40,,,,NA,,Higher degree,864856,1759920239342,1759919374486,-1,male,,Yes|No|I am not sure,5afc14a00b2d5f00015693b4,68e63d0077c58ced7af20b3a,68e63a6c6787211aea34e2d8,Does Alice know how many guitar cards Bob has in his deck?,No,1071
2005,NA,NA,NA,NA,NA,NA,NA,NA,40,,,,NA,,Higher degree,864856,1759920239342,1759919374486,NA,male,,I drew the Spider-Man card.|Bob drew the Joker card.,5afc14a00b2d5f00015693b4,68e63d0077c58ced7af20b3a,68e63a6c6787211aea34e2d8,I lost because ,Bob drew the Joker card.,11829
2005,NA,NA,NA,NA,NA,NA,NA,NA,40,,,,NA,,Higher degree,864856,1759920239342,1759919374486,NA,male,,I drew the pill card.|Bob drew the bubble tea card.,5afc14a00b2d5f00015693b4,68e63d0077c58ced7af20b3a,68e63a6c6787211aea34e2d8,I won because ,I drew the pill card.,4373
2005,NA,NA,NA,NA,NA,NA,NA,NA,40,,,,NA,,Higher degree,864856,1759920239342,1759919374486,NA,male,,I drew the red pill card.|Bob drew the eat card.,5afc14a00b2d5f00015693b4,68e63d0077c58ced7af20b3a,68e63a6c6787211aea34e2d8,I won because ,Bob drew the eat card.,10799
2005,NA,NA,NA,NA,NA,NA,NA,NA,40,,,,NA,,Higher degree,864856,1759920239342,1759919374486,NA,male,,I drew the salad card.|Bob drew the lollipop card.,5afc14a00b2d5f00015693b4,68e63d0077c58ced7af20b3a,68e63a6c6787211aea34e2d8,I lost because ,I drew the salad card.,70421
2005,NA,NA,less than 5,NA,NA,NA,less than 5,NA,40,,,,fewer,,Higher degree,864856,1759920239342,1759919374486,NA,male,,NA,5afc14a00b2d5f00015693b4,68e63d0077c58ced7af20b3a,68e63a6c6787211aea34e2d8,NA,NA,28488
2005,NA,NA,NA,5,NA,NA,NA,5,40,,,,NA,,Higher degree,864856,1759920239342,1759919374486,NA,male,,NA,5afc14a00b2d5f00015693b4,68e63d0077c58ced7af20b3a,68e63a6c6787211aea34e2d8,NA,NA,5720
2005,NA,5,NA,NA,NA,5,NA,NA,40,,,,NA,,Higher degree,864856,1759920239342,1759919374486,NA,male,,NA,5afc14a00b2d5f00015693b4,68e63d0077c58ced7af20b3a,68e63a6c6787211aea34e2d8,NA,NA,21089
2005,5,NA,NA,NA,5,NA,NA,NA,40,,,,NA,,Higher degree,864856,1759920239342,1759919374486,NA,male,,NA,5afc14a00b2d5f00015693b4,68e63d0077c58ced7af20b3a,68e63a6c6787211aea34e2d8,NA,NA,3887
2006,NA,NA,NA,NA,NA,NA,NA,NA,35,No comments,NA,NA,NA,NA,Graduated College,884356,1759920389313,1759919504957,-1,female,English and Sepedi,Yes|No|I am not sure,609b9e5b48f112f4cc38fb76,68e63c47959567e51ce3a668,68e63a6c6787211aea34e2d8,Is it possible that Bob draws a violin card from his deck?,No,45444
2006,NA,NA,NA,NA,NA,NA,NA,NA,35,No comments,NA,NA,NA,NA,Graduated College,884356,1759920389313,1759919504957,-1,female,English and Sepedi,Alice needs exactly 2 points to win.|Alice needs at least 1 point to win.,609b9e5b48f112f4cc38fb76,68e63c47959567e51ce3a668,68e63a6c6787211aea34e2d8,"In the previous question, what was the winning rule for Alice?",Alice needs exactly 2 points to win.,6413
2006,NA,NA,NA,NA,NA,NA,NA,NA,35,No comments,NA,NA,NA,NA,Graduated College,884356,1759920389313,1759919504957,-1,female,English and Sepedi,Yes|No|I am not sure,609b9e5b48f112f4cc38fb76,68e63c47959567e51ce3a668,68e63a6c6787211aea34e2d8,"Here, can Alice win if she draws a saxophone card?",Yes,18729
2006,NA,NA,NA,NA,NA,NA,NA,NA,35,No comments,NA,NA,NA,NA,Graduated College,884356,1759920389313,1759919504957,-1,female,English and Sepedi,Yes|No|I am not sure,609b9e5b48f112f4cc38fb76,68e63c47959567e51ce3a668,68e63a6c6787211aea34e2d8,Does Alice know how many guitar cards Bob has in his deck?,I am not sure,8446
2006,NA,NA,NA,NA,NA,NA,NA,NA,35,No comments,NA,NA,NA,NA,Graduated College,884356,1759920389313,1759919504957,NA,female,English and Sepedi,I drew the salad card.|Bob drew the lollipop card.,609b9e5b48f112f4cc38fb76,68e63c47959567e51ce3a668,68e63a6c6787211aea34e2d8,I lost because ,I drew the salad card.,43562
2006,NA,NA,NA,NA,NA,NA,NA,NA,35,No comments,NA,NA,NA,NA,Graduated College,884356,1759920389313,1759919504957,NA,female,English and Sepedi,I drew the pill card.|Bob drew the bubble tea card.,609b9e5b48f112f4cc38fb76,68e63c47959567e51ce3a668,68e63a6c6787211aea34e2d8,I won because ,Bob drew the bubble tea card.,31812
2006,NA,NA,NA,NA,NA,NA,NA,NA,35,No comments,NA,NA,NA,NA,Graduated College,884356,1759920389313,1759919504957,NA,female,English and Sepedi,I drew the Spider-Man card.|Bob drew the Joker card.,609b9e5b48f112f4cc38fb76,68e63c47959567e51ce3a668,68e63a6c6787211aea34e2d8,I lost because ,I drew the Spider-Man card.,37697
2006,NA,NA,NA,NA,NA,NA,NA,NA,35,No comments,NA,NA,NA,NA,Graduated College,884356,1759920389313,1759919504957,NA,female,English and Sepedi,I drew the red pill card.|Bob drew the eat card.,609b9e5b48f112f4cc38fb76,68e63c47959567e51ce3a668,68e63a6c6787211aea34e2d8,I won because ,Bob drew the eat card.,34312
2006,NA,NA,NA,less than 5,NA,NA,NA,less than 5,35,No comments,NA,NA,NA,same number,Graduated College,884356,1759920389313,1759919504957,NA,female,English and Sepedi,NA,609b9e5b48f112f4cc38fb76,68e63c47959567e51ce3a668,68e63a6c6787211aea34e2d8,NA,NA,75949
2006,NA,NA,less than 5,NA,NA,NA,less than 5,NA,35,No comments,NA,NA,same number,NA,Graduated College,884356,1759920389313,1759919504957,NA,female,English and Sepedi,NA,609b9e5b48f112f4cc38fb76,68e63c47959567e51ce3a668,68e63a6c6787211aea34e2d8,NA,NA,35349
2006,NA,less than 5,NA,NA,NA,less than 5,NA,NA,35,No comments,NA,same number,NA,NA,Graduated College,884356,1759920389313,1759919504957,NA,female,English and Sepedi,NA,609b9e5b48f112f4cc38fb76,68e63c47959567e51ce3a668,68e63a6c6787211aea34e2d8,NA,NA,102075
2006,less than 5,NA,NA,NA,less than 5,NA,NA,NA,35,No comments,same number,NA,NA,NA,Graduated College,884356,1759920389313,1759919504957,NA,female,English and Sepedi,NA,609b9e5b48f112f4cc38fb76,68e63c47959567e51ce3a668,68e63a6c6787211aea34e2d8,NA,NA,52366
2007,NA,NA,NA,NA,NA,NA,NA,NA,42,,NA,NA,NA,NA,Higher degree,1348860,1759920631058,1759919282198,-1,female,English,Yes|No|I am not sure,5f594ed3fc808b1930e7b891,68e63ca374e7287efd5525ac,68e63a6c6787211aea34e2d8,Is it possible that Bob draws a violin card from his deck?,No,9978
2007,NA,NA,NA,NA,NA,NA,NA,NA,42,,NA,NA,NA,NA,Higher degree,1348860,1759920631058,1759919282198,-1,female,English,Alice needs exactly 2 points to win.|Alice needs at least 1 point to win.,5f594ed3fc808b1930e7b891,68e63ca374e7287efd5525ac,68e63a6c6787211aea34e2d8,"In the previous question, what was the winning rule for Alice?",Alice needs exactly 2 points to win.,2990
2007,NA,NA,NA,NA,NA,NA,NA,NA,42,,NA,NA,NA,NA,Higher degree,1348860,1759920631058,1759919282198,-1,female,English,Yes|No|I am not sure,5f594ed3fc808b1930e7b891,68e63ca374e7287efd5525ac,68e63a6c6787211aea34e2d8,"Here, can Alice win if she draws a saxophone card?",No,13843
2007,NA,NA,NA,NA,NA,NA,NA,NA,42,,NA,NA,NA,NA,Higher degree,1348860,1759920631058,1759919282198,-1,female,English,Yes|No|I am not sure,5f594ed3fc808b1930e7b891,68e63ca374e7287efd5525ac,68e63a6c6787211aea34e2d8,Does Alice know how many guitar cards Bob has in his deck?,Yes,6518
2007,NA,NA,NA,NA,NA,NA,NA,NA,42,,NA,NA,NA,NA,Higher degree,1348860,1759920631058,1759919282198,NA,female,English,I drew the Spider-Man card.|Bob drew the Joker card.,5f594ed3fc808b1930e7b891,68e63ca374e7287efd5525ac,68e63a6c6787211aea34e2d8,I lost because ,I drew the Spider-Man card.,105663
2007,NA,NA,NA,NA,NA,NA,NA,NA,42,,NA,NA,NA,NA,Higher degree,1348860,1759920631058,1759919282198,NA,female,English,I drew the pill card.|Bob drew the bubble tea card.,5f594ed3fc808b1930e7b891,68e63ca374e7287efd5525ac,68e63a6c6787211aea34e2d8,I won because ,I drew the pill card.,19393
2007,NA,NA,NA,NA,NA,NA,NA,NA,42,,NA,NA,NA,NA,Higher degree,1348860,1759920631058,1759919282198,NA,female,English,I drew the salad card.|Bob drew the lollipop card.,5f594ed3fc808b1930e7b891,68e63ca374e7287efd5525ac,68e63a6c6787211aea34e2d8,I lost because ,I drew the salad card.,9135
2007,NA,NA,NA,NA,NA,NA,NA,NA,42,,NA,NA,NA,NA,Higher degree,1348860,1759920631058,1759919282198,NA,female,English,I drew the red pill card.|Bob drew the eat card.,5f594ed3fc808b1930e7b891,68e63ca374e7287efd5525ac,68e63a6c6787211aea34e2d8,I won because ,I drew the red pill card.,6350
2007,less than 5,NA,NA,NA,less than 5,NA,NA,NA,42,,same number,NA,NA,NA,Higher degree,1348860,1759920631058,1759919282198,NA,female,English,NA,5f594ed3fc808b1930e7b891,68e63ca374e7287efd5525ac,68e63a6c6787211aea34e2d8,NA,NA,62617
2007,NA,NA,NA,less than 5,NA,NA,NA,less than 5,42,,NA,NA,NA,same number,Higher degree,1348860,1759920631058,1759919282198,NA,female,English,NA,5f594ed3fc808b1930e7b891,68e63ca374e7287efd5525ac,68e63a6c6787211aea34e2d8,NA,NA,12184
2007,NA,more than 5,NA,NA,NA,more than 5,NA,NA,42,,NA,same number,NA,NA,Higher degree,1348860,1759920631058,1759919282198,NA,female,English,NA,5f594ed3fc808b1930e7b891,68e63ca374e7287efd5525ac,68e63a6c6787211aea34e2d8,NA,NA,12488
2007,NA,NA,less than 5,NA,NA,NA,less than 5,NA,42,,NA,NA,same number,NA,Higher degree,1348860,1759920631058,1759919282198,NA,female,English,NA,5f594ed3fc808b1930e7b891,68e63ca374e7287efd5525ac,68e63a6c6787211aea34e2d8,NA,NA,17983
1952,NA,NA,NA,NA,NA,NA,NA,NA,55,,,,,,Graduated High-school,312441,1759492465181,1759492152740,-1,male,english,Yes|No|I am not sure,6628f4e77ba6d4332996845e,68dfb830d33d0ec695c3639d,68dfb61386b52e823f7ae468,Is it possible that Bob draws a violin card from his deck?,No,9324
1952,NA,NA,NA,NA,NA,NA,NA,NA,55,,,,,,Graduated High-school,312441,1759492465181,1759492152740,-1,male,english,Alice needs exactly 2 points to win.|Alice needs at least 1 point to win.,6628f4e77ba6d4332996845e,68dfb830d33d0ec695c3639d,68dfb61386b52e823f7ae468,"In the previous question, what was the winning rule for Alice?",Alice needs exactly 2 points to win.,4204
1952,NA,NA,NA,NA,NA,NA,NA,NA,55,,,,,,Graduated High-school,312441,1759492465181,1759492152740,-1,male,english,Yes|No|I am not sure,6628f4e77ba6d4332996845e,68dfb830d33d0ec695c3639d,68dfb61386b52e823f7ae468,"Here, can Alice win if she draws a saxophone card?",No,10705
1952,NA,NA,NA,NA,NA,NA,NA,NA,55,,,,,,Graduated High-school,312441,1759492465181,1759492152740,-1,male,english,Yes|No|I am not sure,6628f4e77ba6d4332996845e,68dfb830d33d0ec695c3639d,68dfb61386b52e823f7ae468,Does Alice know how many guitar cards Bob has in his deck?,No,3474
1952,NA,NA,NA,NA,NA,NA,NA,NA,55,,,,,,Graduated High-school,312441,1759492465181,1759492152740,NA,male,english,I drew the pill card.|Bob drew the bubble tea card.,6628f4e77ba6d4332996845e,68dfb830d33d0ec695c3639d,68dfb61386b52e823f7ae468,I won because ,Bob drew the bubble tea card.,22973
1952,NA,NA,NA,NA,NA,NA,NA,NA,55,,,,,,Graduated High-school,312441,1759492465181,1759492152740,NA,male,english,I drew the red pill card.|Bob drew the eat card.,6628f4e77ba6d4332996845e,68dfb830d33d0ec695c3639d,68dfb61386b52e823f7ae468,I won because ,Bob drew the eat card.,15659
1952,NA,NA,NA,NA,NA,NA,NA,NA,55,,,,,,Graduated High-school,312441,1759492465181,1759492152740,NA,male,english,I drew the Spider-Man card.|Bob drew the Joker card.,6628f4e77ba6d4332996845e,68dfb830d33d0ec695c3639d,68dfb61386b52e823f7ae468,I lost because ,I drew the Spider-Man card.,11459
1952,NA,NA,NA,NA,NA,NA,NA,NA,55,,,,,,Graduated High-school,312441,1759492465181,1759492152740,NA,male,english,I drew the salad card.|Bob drew the lollipop card.,6628f4e77ba6d4332996845e,68dfb830d33d0ec695c3639d,68dfb61386b52e823f7ae468,I lost because ,I drew the salad card.,6311
1952,NA,less than 5,NA,NA,NA,more than 5,NA,NA,55,,,,,,Graduated High-school,312441,1759492465181,1759492152740,NA,male,english,NA,6628f4e77ba6d4332996845e,68dfb830d33d0ec695c3639d,68dfb61386b52e823f7ae468,NA,NA,27518
1952,NA,NA,NA,less than 5,NA,NA,NA,more than 5,55,,,,,,Graduated High-school,312441,1759492465181,1759492152740,NA,male,english,NA,6628f4e77ba6d4332996845e,68dfb830d33d0ec695c3639d,68dfb61386b52e823f7ae468,NA,NA,9455
1952,NA,NA,less than 5,NA,NA,NA,more than 5,NA,55,,,,,,Graduated High-school,312441,1759492465181,1759492152740,NA,male,english,NA,6628f4e77ba6d4332996845e,68dfb830d33d0ec695c3639d,68dfb61386b52e823f7ae468,NA,NA,9462
1952,less than 5,NA,NA,NA,more than 5,NA,NA,NA,55,,,,,,Graduated High-school,312441,1759492465181,1759492152740,NA,male,english,NA,6628f4e77ba6d4332996845e,68dfb830d33d0ec695c3639d,68dfb61386b52e823f7ae468,NA,NA,10800
1953,NA,NA,NA,NA,NA,NA,NA,NA,65,,,,,,Higher degree,396893,1759492762730,1759492365837,-1,female,English,Yes|No|I am not sure,60cd45f3a4134f92558cc450,68dfb8dd0ee0b0a3e3b3bf52,68dfb61386b52e823f7ae468,Is it possible that Bob draws a violin card from his deck?,No,10578
1953,NA,NA,NA,NA,NA,NA,NA,NA,65,,,,,,Higher degree,396893,1759492762730,1759492365837,-1,female,English,Alice needs exactly 2 points to win.|Alice needs at least 1 point to win.,60cd45f3a4134f92558cc450,68dfb8dd0ee0b0a3e3b3bf52,68dfb61386b52e823f7ae468,"In the previous question, what was the winning rule for Alice?",Alice needs exactly 2 points to win.,3533
1953,NA,NA,NA,NA,NA,NA,NA,NA,65,,,,,,Higher degree,396893,1759492762730,1759492365837,-1,female,English,Yes|No|I am not sure,60cd45f3a4134f92558cc450,68dfb8dd0ee0b0a3e3b3bf52,68dfb61386b52e823f7ae468,"Here, can Alice win if she draws a saxophone card?",I am not sure,9908
1953,NA,NA,NA,NA,NA,NA,NA,NA,65,,,,,,Higher degree,396893,1759492762730,1759492365837,-1,female,English,Yes|No|I am not sure,60cd45f3a4134f92558cc450,68dfb8dd0ee0b0a3e3b3bf52,68dfb61386b52e823f7ae468,Does Alice know how many guitar cards Bob has in his deck?,No,6093
1953,NA,NA,NA,NA,NA,NA,NA,NA,65,,,,,,Higher degree,396893,1759492762730,1759492365837,NA,female,English,I drew the pill card.|Bob drew the bubble tea card.,60cd45f3a4134f92558cc450,68dfb8dd0ee0b0a3e3b3bf52,68dfb61386b52e823f7ae468,I won because ,Bob drew the bubble tea card.,26933
1953,NA,NA,NA,NA,NA,NA,NA,NA,65,,,,,,Higher degree,396893,1759492762730,1759492365837,NA,female,English,I drew the Spider-Man card.|Bob drew the Joker card.,60cd45f3a4134f92558cc450,68dfb8dd0ee0b0a3e3b3bf52,68dfb61386b52e823f7ae468,I lost because ,I drew the Spider-Man card.,15517
1953,NA,NA,NA,NA,NA,NA,NA,NA,65,,,,,,Higher degree,396893,1759492762730,1759492365837,NA,female,English,I drew the red pill card.|Bob drew the eat card.,60cd45f3a4134f92558cc450,68dfb8dd0ee0b0a3e3b3bf52,68dfb61386b52e823f7ae468,I won because ,Bob drew the eat card.,15893
1953,NA,NA,NA,NA,NA,NA,NA,NA,65,,,,,,Higher degree,396893,1759492762730,1759492365837,NA,female,English,I drew the salad card.|Bob drew the lollipop card.,60cd45f3a4134f92558cc450,68dfb8dd0ee0b0a3e3b3bf52,68dfb61386b52e823f7ae468,I lost because ,I drew the salad card.,22214
1953,NA,less than 5,NA,NA,NA,more than 5,NA,NA,65,,,,,,Higher degree,396893,1759492762730,1759492365837,NA,female,English,NA,60cd45f3a4134f92558cc450,68dfb8dd0ee0b0a3e3b3bf52,68dfb61386b52e823f7ae468,NA,NA,32848
1953,NA,NA,less than 5,NA,NA,NA,more than 5,NA,65,,,,,,Higher degree,396893,1759492762730,1759492365837,NA,female,English,NA,60cd45f3a4134f92558cc450,68dfb8dd0ee0b0a3e3b3bf52,68dfb61386b52e823f7ae468,NA,NA,26719
1953,NA,NA,NA,more than 5,NA,NA,NA,less than 5,65,,,,,,Higher degree,396893,1759492762730,1759492365837,NA,female,English,NA,60cd45f3a4134f92558cc450,68dfb8dd0ee0b0a3e3b3bf52,68dfb61386b52e823f7ae468,NA,NA,18713
1953,5,NA,NA,NA,more than 5,NA,NA,NA,65,,,,,,Higher degree,396893,1759492762730,1759492365837,NA,female,English,NA,60cd45f3a4134f92558cc450,68dfb8dd0ee0b0a3e3b3bf52,68dfb61386b52e823f7ae468,NA,NA,47039
1955,NA,NA,NA,NA,NA,NA,NA,NA,29,,,,,NA,Graduated High-school,1237835,1759493473673,1759492235838,-1,male,english,Yes|No|I am not sure,673f0e83fbba6c167eebd6f7,68dfb8671ea58b281dd436ae,68dfb61386b52e823f7ae468,Is it possible that Bob draws a violin card from his deck?,No,4356
1955,NA,NA,NA,NA,NA,NA,NA,NA,29,,,,,NA,Graduated High-school,1237835,1759493473673,1759492235838,-1,male,english,Alice needs exactly 2 points to win.|Alice needs at least 1 point to win.,673f0e83fbba6c167eebd6f7,68dfb8671ea58b281dd436ae,68dfb61386b52e823f7ae468,"In the previous question, what was the winning rule for Alice?",Alice needs exactly 2 points to win.,2612
1955,NA,NA,NA,NA,NA,NA,NA,NA,29,,,,,NA,Graduated High-school,1237835,1759493473673,1759492235838,-1,male,english,Yes|No|I am not sure,673f0e83fbba6c167eebd6f7,68dfb8671ea58b281dd436ae,68dfb61386b52e823f7ae468,"Here, can Alice win if she draws a saxophone card?",Yes,4438
1955,NA,NA,NA,NA,NA,NA,NA,NA,29,,,,,NA,Graduated High-school,1237835,1759493473673,1759492235838,-1,male,english,Yes|No|I am not sure,673f0e83fbba6c167eebd6f7,68dfb8671ea58b281dd436ae,68dfb61386b52e823f7ae468,Does Alice know how many guitar cards Bob has in his deck?,Yes,3338
1955,NA,NA,NA,NA,NA,NA,NA,NA,29,,,,,NA,Graduated High-school,1237835,1759493473673,1759492235838,NA,male,english,I drew the red pill card.|Bob drew the eat card.,673f0e83fbba6c167eebd6f7,68dfb8671ea58b281dd436ae,68dfb61386b52e823f7ae468,I won because ,I drew the red pill card.,114918
1955,NA,NA,NA,NA,NA,NA,NA,NA,29,,,,,NA,Graduated High-school,1237835,1759493473673,1759492235838,NA,male,english,I drew the pill card.|Bob drew the bubble tea card.,673f0e83fbba6c167eebd6f7,68dfb8671ea58b281dd436ae,68dfb61386b52e823f7ae468,I won because ,I drew the pill card.,11197
1955,NA,NA,NA,NA,NA,NA,NA,NA,29,,,,,NA,Graduated High-school,1237835,1759493473673,1759492235838,NA,male,english,I drew the salad card.|Bob drew the lollipop card.,673f0e83fbba6c167eebd6f7,68dfb8671ea58b281dd436ae,68dfb61386b52e823f7ae468,I lost because ,Bob drew the lollipop card.,5494
1955,NA,NA,NA,NA,NA,NA,NA,NA,29,,,,,NA,Graduated High-school,1237835,1759493473673,1759492235838,NA,male,english,I drew the Spider-Man card.|Bob drew the Joker card.,673f0e83fbba6c167eebd6f7,68dfb8671ea58b281dd436ae,68dfb61386b52e823f7ae468,I lost because ,Bob drew the Joker card.,8096
1955,NA,more than 5,NA,NA,NA,less than 5,NA,NA,29,,,,,NA,Graduated High-school,1237835,1759493473673,1759492235838,NA,male,english,NA,673f0e83fbba6c167eebd6f7,68dfb8671ea58b281dd436ae,68dfb61386b52e823f7ae468,NA,NA,157728
1955,less than 5,NA,NA,NA,more than 5,NA,NA,NA,29,,,,,NA,Graduated High-school,1237835,1759493473673,1759492235838,NA,male,english,NA,673f0e83fbba6c167eebd6f7,68dfb8671ea58b281dd436ae,68dfb61386b52e823f7ae468,NA,NA,16047
1955,NA,NA,NA,less than 5,NA,NA,NA,less than 5,29,,,,,more,Graduated High-school,1237835,1759493473673,1759492235838,NA,male,english,NA,673f0e83fbba6c167eebd6f7,68dfb8671ea58b281dd436ae,68dfb61386b52e823f7ae468,NA,NA,16312
1955,NA,NA,less than 5,NA,NA,NA,more than 5,NA,29,,,,,NA,Graduated High-school,1237835,1759493473673,1759492235838,NA,male,english,NA,673f0e83fbba6c167eebd6f7,68dfb8671ea58b281dd436ae,68dfb61386b52e823f7ae468,NA,NA,76120
1956,NA,NA,NA,NA,NA,NA,NA,NA,30,nil,,,NA,,Graduated College,1290242,1759493523901,1759492233659,-1,male,English,Yes|No|I am not sure,6761d7843f52c97b6028f43a,68dfb8591f4b9b5050fa42f5,68dfb61386b52e823f7ae468,Is it possible that Bob draws a violin card from his deck?,No,1642
1956,NA,NA,NA,NA,NA,NA,NA,NA,30,nil,,,NA,,Graduated College,1290242,1759493523901,1759492233659,-1,male,English,Alice needs exactly 2 points to win.|Alice needs at least 1 point to win.,6761d7843f52c97b6028f43a,68dfb8591f4b9b5050fa42f5,68dfb61386b52e823f7ae468,"In the previous question, what was the winning rule for Alice?",Alice needs exactly 2 points to win.,2925
1956,NA,NA,NA,NA,NA,NA,NA,NA,30,nil,,,NA,,Graduated College,1290242,1759493523901,1759492233659,-1,male,English,Yes|No|I am not sure,6761d7843f52c97b6028f43a,68dfb8591f4b9b5050fa42f5,68dfb61386b52e823f7ae468,"Here, can Alice win if she draws a saxophone card?",No,9741
1956,NA,NA,NA,NA,NA,NA,NA,NA,30,nil,,,NA,,Graduated College,1290242,1759493523901,1759492233659,-1,male,English,Yes|No|I am not sure,6761d7843f52c97b6028f43a,68dfb8591f4b9b5050fa42f5,68dfb61386b52e823f7ae468,Does Alice know how many guitar cards Bob has in his deck?,Yes,2679
1956,NA,NA,NA,NA,NA,NA,NA,NA,30,nil,,,NA,,Graduated College,1290242,1759493523901,1759492233659,NA,male,English,I drew the pill card.|Bob drew the bubble tea card.,6761d7843f52c97b6028f43a,68dfb8591f4b9b5050fa42f5,68dfb61386b52e823f7ae468,I won because ,I drew the pill card.,134956
1956,NA,NA,NA,NA,NA,NA,NA,NA,30,nil,,,NA,,Graduated College,1290242,1759493523901,1759492233659,NA,male,English,I drew the salad card.|Bob drew the lollipop card.,6761d7843f52c97b6028f43a,68dfb8591f4b9b5050fa42f5,68dfb61386b52e823f7ae468,I lost because ,Bob drew the lollipop card.,2558
1956,NA,NA,NA,NA,NA,NA,NA,NA,30,nil,,,NA,,Graduated College,1290242,1759493523901,1759492233659,NA,male,English,I drew the Spider-Man card.|Bob drew the Joker card.,6761d7843f52c97b6028f43a,68dfb8591f4b9b5050fa42f5,68dfb61386b52e823f7ae468,I lost because ,Bob drew the Joker card.,1646
1956,NA,NA,NA,NA,NA,NA,NA,NA,30,nil,,,NA,,Graduated College,1290242,1759493523901,1759492233659,NA,male,English,I drew the red pill card.|Bob drew the eat card.,6761d7843f52c97b6028f43a,68dfb8591f4b9b5050fa42f5,68dfb61386b52e823f7ae468,I won because ,Bob drew the eat card.,3414
1956,NA,less than 5,NA,NA,NA,more than 5,NA,NA,30,nil,,,NA,,Graduated College,1290242,1759493523901,1759492233659,NA,male,English,NA,6761d7843f52c97b6028f43a,68dfb8591f4b9b5050fa42f5,68dfb61386b52e823f7ae468,NA,NA,190241
1956,less than 5,NA,NA,NA,5,NA,NA,NA,30,nil,,,NA,,Graduated College,1290242,1759493523901,1759492233659,NA,male,English,NA,6761d7843f52c97b6028f43a,68dfb8591f4b9b5050fa42f5,68dfb61386b52e823f7ae468,NA,NA,6928
1956,NA,NA,more than 5,NA,NA,NA,more than 5,NA,30,nil,,,fewer,,Graduated College,1290242,1759493523901,1759492233659,NA,male,English,NA,6761d7843f52c97b6028f43a,68dfb8591f4b9b5050fa42f5,68dfb61386b52e823f7ae468,NA,NA,13743
1956,NA,NA,NA,more than 5,NA,NA,NA,less than 5,30,nil,,,NA,,Graduated College,1290242,1759493523901,1759492233659,NA,male,English,NA,6761d7843f52c97b6028f43a,68dfb8591f4b9b5050fa42f5,68dfb61386b52e823f7ae468,NA,NA,11000
